{
  "ammo": "tacz:762x39",
  "ammo_amount": 30,
  "extended_mag_ammo_amount": [
    35,
    40,
    75
  ],
  "script": "tacz:xmag_reload_logic",
  "script_param": {
    "reload_feed": 1.55,
    "reload_cooldown": 2.0,
    "empty_feed": 2.25,
    "empty_cooldown": 2.6,
    "reload_xmag_1_feed": 1.54,
    "reload_xmag_1_cooldown": 2.29,
    "empty_xmag_1_feed": 2.5,
    "empty_xmag_1_cooldown": 2.85,
    "reload_xmag_2_feed": 1.54,
    "reload_xmag_2_cooldown": 2.29,
    "empty_xmag_2_feed": 2.5,
    "empty_xmag_2_cooldown": 2.85,
    "reload_xmag_3_feed": 2.1,
    "reload_xmag_3_cooldown": 3.47,
    "empty_xmag_3_feed": 3.6,
    "empty_xmag_3_cooldown": 4.5
  },
  "bolt": "closed_bolt",
  "rpm": 900,
  "bullet": {
    "life": 0.8,
    "bullet_amount": 1,
    "damage": 9,
    "tracer_count_interval": 0,
    "extra_damage": {
      "armor_ignore": 0.25,
      "head_shot_multiplier": 1.5,
      "damage_adjust": [
        {"distance": 20, "damage": 9},
        {"distance": 50, "damage": 7.5},
        {"distance": "infinite", "damage": 6}
      ]
    },
    "speed": 270,
    "gravity": 0.0245,
    "knockback": 0,
    "friction": 0.01,
    "ignite": false,
    "ignite_entity_time": 2,
    "pierce": 1
  },
  "reload": {
    "type": "magazine",
    "feed": {
      "empty": 2.25,
      "tactical": 1.55
    },
    "cooldown": {
      "empty": 2.6,
      "tactical": 2.0
    }
  },
  "draw_time": 0.35,
  "put_away_time": 0.4,
  "aim_time": 0.2,
  "sprint_time": 0.2,
  "fire_mode": [
    "auto",
    "semi"
  ],
  "burst_data": {
    "continuous_shoot": true,
    "count": 3,
    "bpm": 900,
    "min_interval": 0.3
  },
  "recoil": {
    "pitch": [
      {"time": 0, "value": [0.3, 0.3]},
      {"time": 0.25, "value": [0.3, 0.3]},
      {"time": 0.45, "value": [-0.175, -0.175]},
      {"time": 0.6, "value": [0, 0]}
    ],
    "yaw": [
      {"time": 0, "value": [-1.45, 1.45]},
      {"time": 0.25, "value": [-1.45, 1.45]},
      {"time": 0.45, "value": [0, 0]}
    ]
  },
  "hurt_bob_tweak_multiplier": 0.05,
  "inaccuracy": {
    "stand": 5,
    "move": 5.75,
    "sneak": 3.5,
    "lie": 2.5,
    "aim": 0.15
  },
  "melee": {
    "distance": 1,
    "cooldown": 0.7,
    "default": {
      "animation_type": "melee_push",
      "distance": 1,
      "range_angle": 40,
      "cooldown": 0,
      "damage": 1,
      "knockback": 0.5,
      "prep": 0.1
    }
  },
  "allow_attachment_types": [
    "scope",
    "stock",
    "grip",
    "laser",
    "muzzle",
    "extended_mag"
  ],
  "exclusive_attachments": {
    "tacz:scope_standard_8x": {
      "weight": 2.0,
      "ads_addend": 0.04,
      "inaccuracy_addend": -0.4,
      "recoil_modifier": {
        "pitch": -0.2,
        "yaw": -0.1
      }
    }
  }
}
