{
  "materials": [
    {
      "item": {
        "tag": "forge:ingots/iron"
      },
      "count": 46
    },
    {
      "item": {
        "tag": "forge:ingots/gold"
      },
      "count": 8
    },
    {
      "item": {
        "item": "minecraft:quartz"
      },
      "count": 18
    },
    {
      "item": {
        "tag": "minecraft:logs"
      },
      "count": 6
    }
  ],
  "result": {
    "type": "gun",
    "id": "maxstuff:ak108",
    "attachments": {
      "stock": "tacz:oem_stock_tactical"
    }
  },
  "type": "tacz:gun_smith_table_crafting"
}