{
  "materials": [
    {
      "item": {
        "tag": "forge:ingots/iron"
      },
      "count": 32
    },
    {
      "item": {
        "tag": "forge:gems/lapis"
      },
      "count": 12
    },
    {
      "item": {
        "tag": "forge:leather"
      },
      "count": 4
    },
    {
      "item": {
        "tag": "minecraft:logs"
      },
      "count": 12
    }
  ],
  "result": {
    "type": "gun",
    "id": "maxstuff:aks74ub",
    "attachments": {
      "stock": "tacz:oem_stock_light"
    }
  },
  "type": "tacz:gun_smith_table_crafting"
}