{
  "materials": [
    {
      "item": {
        "tag": "forge:ingots/iron"
      },
      "count": 56
    },
    {
      "item": {
        "tag": "forge:gems/diamond"
      },
      "count": 8
    },
    {
      "item": {
        "item": "minecraft:quartz"
      },
      "count": 16
    },
    {
      "item": {
        "item": "minecraft:wither_skeleton_skull"
      },
      "count": 1
    }
  ],
  "result": {
    "type": "gun",
    "id": "maxstuff:beowulf_tcr"
  },
  "type": "tacz:gun_smith_table_crafting"
}