{
  "materials": [
    {
      "item": {
        "tag": "forge:ingots/iron"
      },
      "count": 256
    },
    {
      "item": {
        "type": "forge:partial_nbt",
        "item": "tacz:modern_kinetic_gun",
        "nbt": {
          "GunId": "tacz:rpk"
        }
      },
      "count": 1
    },
    {
      "item": {
        "type": "forge:partial_nbt",
        "item": "tacz:modern_kinetic_gun",
        "nbt": {
          "GunId": "tacz:glock_17"
        }
      },
      "count": 1
    },
    {
      "item": {
        "type": "forge:partial_nbt",
        "item": "tacz:modern_kinetic_gun",
        "nbt": {
          "GunId": "tacz:m16a4"
        }
      },
      "count": 1
    },
    {
      "item": {
        "item": "minecraft:diamond"
      },
      "count": 15
    },
    {
      "item": {
        "item": "minecraft:nether_star"
      },
      "count": 2
    },
    {
      "item": {
        "item": "minecraft:dragon_head"
      },
      "count": 2
    },
    {
      "item": {
        "item": "minecraft:powder_snow_bucket"
      },
      "count": 5
    },
    {
      "item": {
        "item": "minecraft:elytra"
      },
      "count": 1
    },
    {
      "item": {
        "item": "minecraft:magenta_candle"
      },
      "count": 7
    },
    {
      "item": {
        "item": "minecraft:dead_tube_coral_fan"
      },
      "count": 6
    },
    {
      "item": {
        "item": "minecraft:waxed_weathered_cut_copper_stairs"
      },
      "count": 6
    }
  ],
  "result": {
    "type": "gun",
    "id": "maxstuff:cursed15",
    "attachments": {
      "muzzle": "maxstuff:loudener"
    }
  },
  "type": "tacz:gun_smith_table_crafting"
}