{
  "materials": [
    {
      "item": {
        "tag": "forge:gems/diamond"
      },
      "count": 6
    },
    {
      "item": {
        "item": "minecraft:gold_block"
      },
      "count": 6
    },
    {
      "item": {
        "tag": "forge:ingots/iron"
      },
      "count": 56
    },
    {
      "item": {
        "tag": "forge:rods/blaze"
      },
      "count": 8
    }
  ],
  "result": {
    "type": "gun",
    "id": "maxstuff:deagle_50bmg"
  },
  "type": "tacz:gun_smith_table_crafting"
}