{
  "materials": [
    {
      "item": {
        "tag": "forge:ingots/iron"
      },
      "count": 96
    },
    {
      "item": {
        "tag": "forge:ingots/gold"
      },
      "count": 16
    },
    {
      "item": {
        "tag": "forge:gems/lapis"
      },
      "count": 12
    },
    {
      "item": {
        "tag": "forge:rods/blaze"
      },
      "count": 4
    },
    {
      "item": {
        "item": "minecraft:quartz"
      },
      "count": 24
    }
  ],
  "result": {
    "type": "gun",
    "id": "maxstuff:dragonuv_svds"
  },
  "type": "tacz:gun_smith_table_crafting"
}