{
  "materials": [
    {
      "item": {
        "tag": "forge:ingots/iron"
      },
      "count": 96
    },
    {
      "item": {
        "tag": "forge:ingots/gold"
      },
      "count": 16
    },
    {
      "item": {
        "tag": "forge:gems/lapis"
      },
      "count": 8
    },
    {
      "item": {
        "tag": "forge:rods/blaze"
      },
      "count": 2
    },
    {
      "item": {
        "tag": "minecraft:logs"
      },
      "count": 32
    }
  ],
  "result": {
    "type": "gun",
    "id": "maxstuff:dragonuv_svd",
    "attachments": {
      "scope": "maxstuff:scope_pso1_ak"
    }
  },
  "type": "tacz:gun_smith_table_crafting"
}