{
  "materials": [
    {
      "item": {
        "tag": "forge:ingots/iron"
      },
      "count": 56
    },
    {
      "item": {
        "tag": "forge:ingots/netherite"
      },
      "count": 2
    },
    {
      "item": {
        "tag": "forge:rods/blaze"
      },
      "count": 16
    },
    {
      "item": {
        "tag": "forge:gems/diamond"
      },
      "count": 10
    },
    {
      "item": {
        "item": "minecraft:quartz"
      },
      "count": 18
    }
  ],
  "result": {
    "type": "gun",
    "id": "maxstuff:genesis12_dragons_breath"
  },
  "type": "tacz:gun_smith_table_crafting"
}