{
  "materials": [
    {
      "item": {
        "tag": "forge:ingots/gold"
      },
      "count": 10
    },
    {
      "item": {
        "tag": "forge:ingots/iron"
      },
      "count": 48
    },
    {
      "item": {
        "tag": "forge:gems/quartz"
      },
      "count": 6
    }
  ],
  "result": {
    "type": "gun",
    "id": "maxstuff:hk416c",
    "attachments": {
      "stock": "tacz:stock_hk_slim_line"
    }
  },
  "type": "tacz:gun_smith_table_crafting"
}