{
  "materials": [
    {
      "item": {
        "tag": "forge:ingots/iron"
      },
      "count": 36
    },
    {
      "item": {
        "item": "minecraft:quartz"
      },
      "count": 24
    },
    {
      "item": {
        "tag": "forge:ingots/gold"
      },
      "count": 16
    },
    {
      "item": {
        "tag": "forge:gems/diamond"
      },
      "count": 3
    }
  ],
  "result": {
    "type": "gun",
    "id": "maxstuff:mp7"
  },
  "type": "tacz:gun_smith_table_crafting"
}