{
  "materials": [
    {
      "item": {
        "tag": "forge:ingots/iron"
      },
      "count": 24
    },
    {
      "item": {
        "tag": "forge:gems/lapis"
      },
      "count": 6
    },
    {
      "item": {
        "item": "minecraft:honeycomb"
      },
      "count": 16
    },
    {
      "item": {
        "item": "minecraft:dragon_breath"
      },
      "count": 2
    },
    {
      "item": {
        "tag": "minecraft:logs"
      },
      "count": 6
    }
  ],
  "result": {
    "type": "gun",
    "id": "maxstuff:nailgun"
  },
  "type": "tacz:gun_smith_table_crafting"
}