{
  "materials": [
    {
      "item": {
        "tag": "forge:ingots/iron"
      },
      "count": 64
    },
    {
      "item": {
        "item": "minecraft:diamond"
      },
      "count": 8
    },
    {
      "item": {
        "tag": "forge:rods/blaze"
      },
      "count": 6
    },
    {
      "item": {
        "item": "minecraft:quartz"
      },
      "count": 18
    }
  ],
  "result": {
    "type": "gun",
    "id": "maxstuff:saiga12",
    "attachments": {
      "stock": "tacz:oem_stock_tactical"
    }
  },
  "type": "tacz:gun_smith_table_crafting"
}