{
	"format_version": "1.12.0",
	"minecraft:geometry": [
		{
			"description": {
				"identifier": "geometry.unknown",
				"texture_width": 128,
				"texture_height": 128,
				"visible_bounds_width": 51,
				"visible_bounds_height": 66,
				"visible_bounds_offset": [0, 31, 0]
			},
			"bones": [
				{
					"name": "root",
					"pivot": [0, 8, -1]
				},
				{
					"name": "mag_and_lefthand",
					"parent": "root",
					"pivot": [0, 7.5, -3]
				},
				{
					"name": "lefthand",
					"parent": "mag_and_lefthand",
					"pivot": [-6, 19, 0]
				},
				{
					"name": "lefthand_pos",
					"parent": "lefthand",
					"pivot": [0, 8, 0],
					"cubes": [
						{
							"origin": [-7, 8, -2],
							"size": [3, 12, 4],
							"uv": {
								"north": {"uv": [4, 4], "uv_size": [3, 12]},
								"east": {"uv": [0, 4], "uv_size": [4, 12]},
								"south": {"uv": [11, 4], "uv_size": [3, 12]},
								"west": {"uv": [7, 4], "uv_size": [4, 12]},
								"up": {"uv": [4, 0], "uv_size": [3, 4]},
								"down": {"uv": [7, 4], "uv_size": [3, -4]}
							}
						},
						{
							"origin": [-7, 8, -2],
							"size": [3, 12, 4],
							"inflate": 0.2,
							"uv": {
								"north": {"uv": [18, 4], "uv_size": [3, 12]},
								"east": {"uv": [14, 4], "uv_size": [4, 12]},
								"south": {"uv": [25, 4], "uv_size": [3, 12]},
								"west": {"uv": [21, 4], "uv_size": [4, 12]},
								"up": {"uv": [18, 0], "uv_size": [3, 4]},
								"down": {"uv": [21, 4], "uv_size": [3, -4]}
							}
						}
					]
				},
				{
					"name": "mag_and_bullet",
					"parent": "mag_and_lefthand",
					"pivot": [5, 10.3, -1],
					"cubes": [
						{"origin": [1, 4.3, -5], "size": [8, 12, 8], "uv": [0, 54]}
					]
				},
				{
					"name": "gun_and_righthand",
					"parent": "root",
					"pivot": [0, 10, 3]
				},
				{
					"name": "righthand",
					"parent": "gun_and_righthand",
					"pivot": [6, 19, 0]
				},
				{
					"name": "righthand_pos",
					"parent": "righthand",
					"pivot": [0, 8, 0],
					"cubes": [
						{
							"origin": [4, 8, -2],
							"size": [3, 12, 4],
							"uv": {
								"north": {"uv": [4, 20], "uv_size": [3, 12]},
								"east": {"uv": [0, 20], "uv_size": [4, 12]},
								"south": {"uv": [11, 20], "uv_size": [3, 12]},
								"west": {"uv": [7, 20], "uv_size": [4, 12]},
								"up": {"uv": [4, 16], "uv_size": [3, 4]},
								"down": {"uv": [7, 20], "uv_size": [3, -4]}
							}
						},
						{
							"origin": [4, 8, -2],
							"size": [3, 12, 4],
							"inflate": 0.2,
							"uv": {
								"north": {"uv": [18, 20], "uv_size": [3, 12]},
								"east": {"uv": [14, 20], "uv_size": [4, 12]},
								"south": {"uv": [25, 20], "uv_size": [3, 12]},
								"west": {"uv": [21, 20], "uv_size": [4, 12]},
								"up": {"uv": [18, 16], "uv_size": [3, 4]},
								"down": {"uv": [21, 20], "uv_size": [3, -4]}
							}
						}
					]
				},
				{
					"name": "p221zldl",
					"parent": "gun_and_righthand",
					"pivot": [0, 7, 3]
				},
				{
					"name": "splasha",
					"parent": "p221zldl",
					"pivot": [0, 0, 0]
				},
				{
					"name": "splash1",
					"parent": "splasha",
					"pivot": [0, 7.3, -48],
					"cubes": [
						{
							"origin": [-0.5, 6.8, -48],
							"size": [1, 1, 0],
							"uv": {
								"south": {"uv": [55, 0], "uv_size": [8, 8]}
							}
						}
					]
				},
				{
					"name": "splash2",
					"parent": "splasha",
					"pivot": [0, 7.3, -37],
					"cubes": [
						{
							"origin": [-0.5, 6.8, -37],
							"size": [1, 1, 0],
							"uv": {
								"south": {"uv": [55, 0], "uv_size": [8, 8]}
							}
						}
					]
				},
				{
					"name": "splash3",
					"parent": "splasha",
					"pivot": [0, 7.3, -27],
					"cubes": [
						{
							"origin": [-0.5, 6.8, -27],
							"size": [1, 1, 0],
							"uv": {
								"south": {"uv": [55, 0], "uv_size": [8, 8]}
							}
						}
					]
				},
				{
					"name": "splash4",
					"parent": "splasha",
					"pivot": [0, 7.3, -14],
					"cubes": [
						{
							"origin": [-0.5, 6.8, -14],
							"size": [1, 1, 0],
							"uv": {
								"south": {"uv": [55, 0], "uv_size": [8, 8]}
							}
						}
					]
				},
				{
					"name": "splash5",
					"parent": "splasha",
					"pivot": [0, 9.3, -53],
					"cubes": [
						{
							"origin": [-0.5, 8.8, -53],
							"size": [1, 1, 0],
							"uv": {
								"south": {"uv": [55, 0], "uv_size": [8, 8]}
							}
						}
					]
				},
				{
					"name": "splash6",
					"parent": "splasha",
					"pivot": [0, 9.3, -53],
					"cubes": [
						{
							"origin": [-0.5, 8.8, -53],
							"size": [1, 1, 0],
							"uv": {
								"south": {"uv": [55, 0], "uv_size": [8, 8]}
							}
						}
					]
				},
				{
					"name": "barrel",
					"parent": "p221zldl",
					"pivot": [0, 7.2375, -9],
					"cubes": [
						{
							"origin": [-3, 0, -53],
							"size": [6, 6, 3],
							"inflate": 0.001,
							"uv": {
								"north": {"uv": [101, 69], "uv_size": [6, 6]},
								"south": {"uv": [110, 69], "uv_size": [6, 6]},
								"up": {"uv": [101, 66], "uv_size": [6, 3]},
								"down": {"uv": [107, 69], "uv_size": [6, -3]}
							}
						},
						{
							"origin": [-3, 0, -53],
							"size": [6, 3, 3],
							"inflate": -0.001,
							"pivot": [0, 7.24264, -51],
							"rotation": [0, 0, -45],
							"uv": {
								"north": {"uv": [101, 105], "uv_size": [6, 3]},
								"south": {"uv": [110, 105], "uv_size": [6, 3]},
								"down": {"uv": [107, 105], "uv_size": [6, -3]}
							}
						},
						{
							"origin": [1.24264, 4.24264, -53],
							"size": [6, 6, 3],
							"uv": {
								"north": {"uv": [101, 87], "uv_size": [6, 6]},
								"east": {"uv": [98, 87], "uv_size": [3, 6]},
								"south": {"uv": [110, 87], "uv_size": [6, 6]},
								"west": {"uv": [107, 87], "uv_size": [3, 6]}
							}
						},
						{
							"origin": [-3, 8.48528, -53],
							"size": [6, 6, 3],
							"inflate": 0.001,
							"uv": {
								"north": {"uv": [101, 78], "uv_size": [6, 6]},
								"south": {"uv": [110, 78], "uv_size": [6, 6]},
								"up": {"uv": [101, 75], "uv_size": [6, 3]},
								"down": {"uv": [107, 78], "uv_size": [6, -3]}
							}
						},
						{
							"origin": [-3, 11.48528, -53],
							"size": [6, 3, 3],
							"inflate": -0.001,
							"pivot": [0, 7.24264, -51],
							"rotation": [0, 0, 45],
							"uv": {
								"north": {"uv": [3, 106], "uv_size": [6, 3]},
								"south": {"uv": [12, 106], "uv_size": [6, 3]},
								"up": {"uv": [3, 103], "uv_size": [6, 3]}
							}
						},
						{
							"origin": [-3, 11.48528, -53],
							"size": [6, 3, 3],
							"inflate": -0.001,
							"pivot": [0, 7.24264, -51],
							"rotation": [0, 0, -45],
							"uv": {
								"north": {"uv": [9, 106], "uv_size": [-6, 3]},
								"south": {"uv": [18, 106], "uv_size": [-6, 3]},
								"up": {"uv": [9, 103], "uv_size": [-6, 3]}
							}
						},
						{
							"origin": [-7.24264, 4.24264, -53],
							"size": [6, 6, 3],
							"uv": {
								"north": {"uv": [107, 87], "uv_size": [-6, 6]},
								"east": {"uv": [110, 87], "uv_size": [-3, 6]},
								"south": {"uv": [116, 87], "uv_size": [-6, 6]},
								"west": {"uv": [101, 87], "uv_size": [-3, 6]}
							}
						},
						{
							"origin": [-3, 0, -53],
							"size": [6, 3, 3],
							"inflate": -0.001,
							"pivot": [0, 7.24264, -51],
							"rotation": [0, 0, 45],
							"uv": {
								"north": {"uv": [107, 105], "uv_size": [-6, 3]},
								"south": {"uv": [116, 105], "uv_size": [-6, 3]},
								"down": {"uv": [113, 105], "uv_size": [-6, -3]}
							}
						},
						{
							"origin": [-2, 5.24264, -52],
							"size": [4, 4, 2],
							"uv": {
								"north": {"uv": [110, 48], "uv_size": [4, 4]},
								"east": {"uv": [108, 48], "uv_size": [2, 4]},
								"south": {"uv": [116, 48], "uv_size": [4, 4]},
								"west": {"uv": [114, 48], "uv_size": [2, 4]},
								"up": {"uv": [110, 46], "uv_size": [4, 2]},
								"down": {"uv": [114, 48], "uv_size": [4, -2]}
							}
						},
						{
							"origin": [4.03553, 4.74264, -11],
							"size": [2, 5, 3],
							"uv": {
								"north": {"uv": [89, 106], "uv_size": [2, 5]},
								"south": {"uv": [94, 106], "uv_size": [2, 5]},
								"west": {"uv": [91, 106], "uv_size": [3, 5]}
							}
						},
						{
							"origin": [4.38909, 3.88909, -11],
							"size": [2, 5, 3],
							"inflate": 0.001,
							"pivot": [-0.85355, 6.38909, -9],
							"rotation": [0, 0, -45],
							"uv": {
								"north": {"uv": [111, 3], "uv_size": [2, 5]},
								"south": {"uv": [116, 3], "uv_size": [2, 5]},
								"west": {"uv": [113, 3], "uv_size": [3, 5]}
							}
						},
						{
							"origin": [4.38909, 5.59619, -11],
							"size": [2, 5, 3],
							"inflate": 0.001,
							"pivot": [-0.85355, 8.09619, -9],
							"rotation": [0, 0, 45],
							"uv": {
								"north": {"uv": [111, 11], "uv_size": [2, 5]},
								"south": {"uv": [116, 11], "uv_size": [2, 5]},
								"west": {"uv": [113, 11], "uv_size": [3, 5]}
							}
						},
						{
							"origin": [-2.5, 11.27817, -11],
							"size": [5, 2, 3],
							"uv": {
								"north": {"uv": [57, 106], "uv_size": [5, 2]},
								"east": {"uv": [54, 106], "uv_size": [3, 2]},
								"south": {"uv": [65, 106], "uv_size": [5, 2]},
								"west": {"uv": [62, 106], "uv_size": [3, 2]},
								"up": {"uv": [57, 103], "uv_size": [5, 3]},
								"down": {"uv": [62, 106], "uv_size": [5, -3]}
							}
						},
						{
							"origin": [-2.5, 1.20711, -11],
							"size": [5, 2, 3],
							"uv": {
								"north": {"uv": [73, 106], "uv_size": [5, 2]},
								"east": {"uv": [70, 106], "uv_size": [3, 2]},
								"south": {"uv": [81, 106], "uv_size": [5, 2]},
								"west": {"uv": [78, 106], "uv_size": [3, 2]},
								"up": {"uv": [73, 103], "uv_size": [5, 3]},
								"down": {"uv": [78, 106], "uv_size": [5, -3]}
							}
						},
						{
							"origin": [-6.38909, 5.59619, -11],
							"size": [2, 5, 3],
							"inflate": 0.001,
							"pivot": [0.85355, 8.09619, -9],
							"rotation": [0, 0, -45],
							"uv": {
								"north": {"uv": [111, 19], "uv_size": [2, 5]},
								"east": {"uv": [108, 19], "uv_size": [3, 5]},
								"south": {"uv": [116, 19], "uv_size": [2, 5]}
							}
						},
						{
							"origin": [-6.38909, 3.88909, -11],
							"size": [2, 5, 3],
							"inflate": 0.001,
							"pivot": [0.85355, 6.38909, -9],
							"rotation": [0, 0, 45],
							"uv": {
								"north": {"uv": [111, 27], "uv_size": [2, 5]},
								"east": {"uv": [108, 27], "uv_size": [3, 5]},
								"south": {"uv": [116, 27], "uv_size": [2, 5]}
							}
						},
						{
							"origin": [-6.03553, 4.74264, -11],
							"size": [2, 5, 3],
							"uv": {
								"north": {"uv": [111, 35], "uv_size": [2, 5]},
								"east": {"uv": [108, 35], "uv_size": [3, 5]},
								"south": {"uv": [116, 35], "uv_size": [2, 5]}
							}
						},
						{
							"origin": [-4.5, 2.74264, -11],
							"size": [9, 9, 3],
							"inflate": 0.002,
							"uv": {
								"north": {"uv": [101, 57], "uv_size": [9, 9]},
								"south": {"uv": [113, 57], "uv_size": [9, 9]}
							}
						}
					]
				},
				{
					"name": "barrel_left",
					"parent": "barrel",
					"pivot": [0, 0, -36]
				},
				{
					"name": "barrel8",
					"parent": "barrel_left",
					"pivot": [5.07628, 5.13998, -49.85088],
					"rotation": [0, 0, 22.5],
					"cubes": [
						{
							"origin": [5.57441, 4.63998, -50],
							"size": [1, 1, 48],
							"inflate": 0.2,
							"uv": {
								"east": {"uv": [0, 102], "uv_size": [48, 1]},
								"south": {"uv": [97, 102], "uv_size": [1, 1]},
								"west": {"uv": [49, 102], "uv_size": [48, 1]},
								"up": {"uv": [48, 54], "uv_size": [1, 48]},
								"down": {"uv": [49, 102], "uv_size": [1, -48]}
							}
						},
						{
							"origin": [3.98001, 4.63998, -6.05264],
							"size": [1, 1, 4],
							"inflate": 0.2,
							"pivot": [4.48001, 5.13998, -4.05264],
							"rotation": [0, 5, 0],
							"uv": {
								"north": {"uv": [58, 112], "uv_size": [1, 1]},
								"east": {"uv": [54, 112], "uv_size": [4, 1]},
								"west": {"uv": [59, 112], "uv_size": [4, 1]},
								"up": {"uv": [58, 108], "uv_size": [1, 4]},
								"down": {"uv": [59, 112], "uv_size": [1, -4]}
							}
						},
						{
							"origin": [4.17441, 4.63998, -3],
							"size": [1, 1, 1],
							"inflate": 0.2,
							"uv": {
								"north": {"uv": [109, 53], "uv_size": [1, 1]},
								"south": {"uv": [111, 53], "uv_size": [1, 1]},
								"up": {"uv": [109, 52], "uv_size": [1, 1]},
								"down": {"uv": [110, 53], "uv_size": [1, -1]}
							}
						}
					]
				},
				{
					"name": "barrel1",
					"parent": "barrel_left",
					"pivot": [5.49451, 7.24264, -49.85088],
					"cubes": [
						{
							"origin": [5.99264, 6.74264, -50],
							"size": [1, 1, 48],
							"inflate": 0.2,
							"uv": {
								"east": {"uv": [0, 102], "uv_size": [48, 1]},
								"south": {"uv": [97, 102], "uv_size": [1, 1]},
								"west": {"uv": [49, 102], "uv_size": [48, 1]},
								"up": {"uv": [48, 54], "uv_size": [1, 48]},
								"down": {"uv": [49, 102], "uv_size": [1, -48]}
							}
						},
						{
							"origin": [4.39823, 6.74264, -6.05264],
							"size": [1, 1, 4],
							"inflate": 0.2,
							"pivot": [4.89823, 7.24264, -4.05264],
							"rotation": [0, 5, 0],
							"uv": {
								"north": {"uv": [58, 112], "uv_size": [1, 1]},
								"east": {"uv": [54, 112], "uv_size": [4, 1]},
								"west": {"uv": [59, 112], "uv_size": [4, 1]},
								"up": {"uv": [58, 108], "uv_size": [1, 4]},
								"down": {"uv": [59, 112], "uv_size": [1, -4]}
							}
						},
						{
							"origin": [4.59264, 6.74264, -3],
							"size": [1, 1, 1],
							"inflate": 0.2,
							"uv": {
								"north": {"uv": [109, 53], "uv_size": [1, 1]},
								"south": {"uv": [111, 53], "uv_size": [1, 1]},
								"up": {"uv": [109, 52], "uv_size": [1, 1]},
								"down": {"uv": [110, 53], "uv_size": [1, -1]}
							}
						}
					]
				},
				{
					"name": "barrel4",
					"parent": "barrel_left",
					"pivot": [3.88523, 3.35743, -49.85088],
					"rotation": [0, 0, 45],
					"cubes": [
						{
							"origin": [4.38337, 2.85743, -50],
							"size": [1, 1, 48],
							"inflate": 0.2,
							"uv": {
								"east": {"uv": [0, 102], "uv_size": [48, 1]},
								"south": {"uv": [97, 102], "uv_size": [1, 1]},
								"west": {"uv": [49, 102], "uv_size": [48, 1]},
								"up": {"uv": [48, 54], "uv_size": [1, 48]},
								"down": {"uv": [49, 102], "uv_size": [1, -48]}
							}
						},
						{
							"origin": [2.78896, 2.85743, -6.05264],
							"size": [1, 1, 4],
							"inflate": 0.2,
							"pivot": [3.28896, 3.35743, -4.05264],
							"rotation": [0, 5, 0],
							"uv": {
								"north": {"uv": [58, 112], "uv_size": [1, 1]},
								"east": {"uv": [54, 112], "uv_size": [4, 1]},
								"west": {"uv": [59, 112], "uv_size": [4, 1]},
								"up": {"uv": [58, 108], "uv_size": [1, 4]},
								"down": {"uv": [59, 112], "uv_size": [1, -4]}
							}
						},
						{
							"origin": [2.98337, 2.85743, -3],
							"size": [1, 1, 1],
							"inflate": 0.2,
							"uv": {
								"north": {"uv": [109, 53], "uv_size": [1, 1]},
								"south": {"uv": [111, 53], "uv_size": [1, 1]},
								"up": {"uv": [109, 52], "uv_size": [1, 1]},
								"down": {"uv": [110, 53], "uv_size": [1, -1]}
							}
						}
					]
				},
				{
					"name": "barrel5",
					"parent": "barrel_left",
					"pivot": [3.88517, 11.12783, -49.85088],
					"rotation": [0, 0, -45],
					"cubes": [
						{
							"origin": [4.38331, 10.62783, -50],
							"size": [1, 1, 48],
							"inflate": 0.2,
							"uv": {
								"east": {"uv": [0, 102], "uv_size": [48, 1]},
								"south": {"uv": [97, 102], "uv_size": [1, 1]},
								"west": {"uv": [49, 102], "uv_size": [48, 1]},
								"up": {"uv": [48, 54], "uv_size": [1, 48]},
								"down": {"uv": [49, 102], "uv_size": [1, -48]}
							}
						},
						{
							"origin": [2.7889, 10.62783, -6.05264],
							"size": [1, 1, 4],
							"inflate": 0.2,
							"pivot": [3.2889, 11.12783, -4.05264],
							"rotation": [0, 5, 0],
							"uv": {
								"north": {"uv": [58, 112], "uv_size": [1, 1]},
								"east": {"uv": [54, 112], "uv_size": [4, 1]},
								"west": {"uv": [59, 112], "uv_size": [4, 1]},
								"up": {"uv": [58, 108], "uv_size": [1, 4]},
								"down": {"uv": [59, 112], "uv_size": [1, -4]}
							}
						},
						{
							"origin": [2.98331, 10.62783, -3],
							"size": [1, 1, 1],
							"inflate": 0.2,
							"uv": {
								"north": {"uv": [109, 53], "uv_size": [1, 1]},
								"south": {"uv": [111, 53], "uv_size": [1, 1]},
								"down": {"uv": [110, 53], "uv_size": [1, -1]}
							}
						}
					]
				},
				{
					"name": "barrel6",
					"parent": "barrel_left",
					"pivot": [2.10262, 12.31888, -49.85088],
					"rotation": [0, 0, -67.5],
					"cubes": [
						{
							"origin": [2.60075, 11.81888, -50],
							"size": [1, 1, 48],
							"inflate": 0.2,
							"uv": {
								"east": {"uv": [0, 102], "uv_size": [48, 1]},
								"south": {"uv": [97, 102], "uv_size": [1, 1]},
								"west": {"uv": [49, 102], "uv_size": [48, 1]},
								"up": {"uv": [48, 54], "uv_size": [1, 48]},
								"down": {"uv": [49, 102], "uv_size": [1, -48]}
							}
						},
						{
							"origin": [1.00635, 11.81888, -6.05264],
							"size": [1, 1, 4],
							"inflate": 0.2,
							"pivot": [1.50635, 12.31888, -4.05264],
							"rotation": [0, 5, 0],
							"uv": {
								"north": {"uv": [58, 112], "uv_size": [1, 1]},
								"east": {"uv": [54, 112], "uv_size": [4, 1]},
								"west": {"uv": [59, 112], "uv_size": [4, 1]},
								"up": {"uv": [58, 108], "uv_size": [1, 4]},
								"down": {"uv": [59, 112], "uv_size": [1, -4]}
							}
						},
						{
							"origin": [1.20075, 11.81888, -3],
							"size": [1, 1, 1],
							"inflate": 0.2,
							"uv": {
								"north": {"uv": [109, 53], "uv_size": [1, 1]},
								"south": {"uv": [111, 53], "uv_size": [1, 1]},
								"up": {"uv": [109, 52], "uv_size": [1, 1]},
								"down": {"uv": [110, 53], "uv_size": [1, -1]}
							}
						}
					]
				},
				{
					"name": "barrel7",
					"parent": "barrel_left",
					"pivot": [5.07625, 9.34529, -49.85088],
					"rotation": [0, 0, -22.5],
					"cubes": [
						{
							"origin": [5.57438, 8.84529, -50],
							"size": [1, 1, 48],
							"inflate": 0.2,
							"uv": {
								"east": {"uv": [0, 102], "uv_size": [48, 1]},
								"south": {"uv": [97, 102], "uv_size": [1, 1]},
								"west": {"uv": [49, 102], "uv_size": [48, 1]},
								"up": {"uv": [48, 54], "uv_size": [1, 48]},
								"down": {"uv": [49, 102], "uv_size": [1, -48]}
							}
						},
						{
							"origin": [3.97997, 8.84529, -6.05264],
							"size": [1, 1, 4],
							"inflate": 0.2,
							"pivot": [4.47997, 9.34529, -4.05264],
							"rotation": [0, 5, 0],
							"uv": {
								"north": {"uv": [58, 112], "uv_size": [1, 1]},
								"east": {"uv": [54, 112], "uv_size": [4, 1]},
								"up": {"uv": [58, 108], "uv_size": [1, 4]},
								"down": {"uv": [59, 112], "uv_size": [1, -4]}
							}
						},
						{
							"origin": [4.17438, 8.84529, -3],
							"size": [1, 1, 1],
							"inflate": 0.2,
							"uv": {
								"north": {"uv": [109, 53], "uv_size": [1, 1]},
								"south": {"uv": [111, 53], "uv_size": [1, 1]},
								"up": {"uv": [109, 52], "uv_size": [1, 1]},
								"down": {"uv": [110, 53], "uv_size": [1, -1]}
							}
						}
					]
				},
				{
					"name": "barrel9",
					"parent": "barrel_left",
					"pivot": [2.10269, 2.16635, -49.85088],
					"rotation": [0, 0, 67.5],
					"cubes": [
						{
							"origin": [2.60083, 1.66635, -50],
							"size": [1, 1, 48],
							"inflate": 0.2,
							"uv": {
								"east": {"uv": [0, 102], "uv_size": [48, 1]},
								"south": {"uv": [97, 102], "uv_size": [1, 1]},
								"west": {"uv": [49, 102], "uv_size": [48, 1]},
								"up": {"uv": [48, 54], "uv_size": [1, 48]},
								"down": {"uv": [49, 102], "uv_size": [1, -48]}
							}
						},
						{
							"origin": [1.00642, 1.66635, -6.05264],
							"size": [1, 1, 4],
							"inflate": 0.2,
							"pivot": [1.50642, 2.16635, -4.05264],
							"rotation": [0, 5, 0],
							"uv": {
								"north": {"uv": [58, 112], "uv_size": [1, 1]},
								"east": {"uv": [54, 112], "uv_size": [4, 1]},
								"west": {"uv": [59, 112], "uv_size": [4, 1]},
								"up": {"uv": [58, 108], "uv_size": [1, 4]},
								"down": {"uv": [59, 112], "uv_size": [1, -4]}
							}
						},
						{
							"origin": [1.20083, 1.66635, -3],
							"size": [1, 1, 1],
							"inflate": 0.2,
							"uv": {
								"north": {"uv": [109, 53], "uv_size": [1, 1]},
								"south": {"uv": [111, 53], "uv_size": [1, 1]},
								"up": {"uv": [109, 52], "uv_size": [1, 1]},
								"down": {"uv": [110, 53], "uv_size": [1, -1]}
							}
						}
					]
				},
				{
					"name": "barrel_right",
					"parent": "barrel",
					"pivot": [0, 0, -36]
				},
				{
					"name": "barrel10",
					"parent": "barrel_right",
					"pivot": [-5.07628, 5.13998, -49.85088],
					"rotation": [0, 0, -22.5],
					"cubes": [
						{
							"origin": [-6.57441, 4.63998, -50],
							"size": [1, 1, 48],
							"inflate": 0.2,
							"uv": {
								"east": {"uv": [97, 102], "uv_size": [-48, 1]},
								"south": {"uv": [98, 102], "uv_size": [-1, 1]},
								"west": {"uv": [48, 102], "uv_size": [-48, 1]},
								"up": {"uv": [49, 54], "uv_size": [-1, 48]},
								"down": {"uv": [50, 102], "uv_size": [-1, -48]}
							}
						},
						{
							"origin": [-4.98001, 4.63998, -6.05264],
							"size": [1, 1, 4],
							"inflate": 0.2,
							"pivot": [-4.48001, 5.13998, -4.05264],
							"rotation": [0, -5, 0],
							"uv": {
								"north": {"uv": [59, 112], "uv_size": [-1, 1]},
								"east": {"uv": [63, 112], "uv_size": [-4, 1]},
								"west": {"uv": [58, 112], "uv_size": [-4, 1]},
								"up": {"uv": [59, 108], "uv_size": [-1, 4]},
								"down": {"uv": [60, 112], "uv_size": [-1, -4]}
							}
						},
						{
							"origin": [-5.17441, 4.63998, -3],
							"size": [1, 1, 1],
							"inflate": 0.2,
							"uv": {
								"north": {"uv": [110, 53], "uv_size": [-1, 1]},
								"south": {"uv": [112, 53], "uv_size": [-1, 1]},
								"up": {"uv": [110, 52], "uv_size": [-1, 1]},
								"down": {"uv": [111, 53], "uv_size": [-1, -1]}
							}
						}
					]
				},
				{
					"name": "barrel11",
					"parent": "barrel_right",
					"pivot": [-5.49451, 7.24264, -49.85088],
					"cubes": [
						{
							"origin": [-6.99264, 6.74264, -50],
							"size": [1, 1, 48],
							"inflate": 0.2,
							"uv": {
								"east": {"uv": [97, 102], "uv_size": [-48, 1]},
								"south": {"uv": [98, 102], "uv_size": [-1, 1]},
								"west": {"uv": [48, 102], "uv_size": [-48, 1]},
								"up": {"uv": [49, 54], "uv_size": [-1, 48]},
								"down": {"uv": [50, 102], "uv_size": [-1, -48]}
							}
						},
						{
							"origin": [-5.39823, 6.74264, -6.05264],
							"size": [1, 1, 4],
							"inflate": 0.2,
							"pivot": [-4.89823, 7.24264, -4.05264],
							"rotation": [0, -5, 0],
							"uv": {
								"north": {"uv": [59, 112], "uv_size": [-1, 1]},
								"east": {"uv": [63, 112], "uv_size": [-4, 1]},
								"west": {"uv": [58, 112], "uv_size": [-4, 1]},
								"up": {"uv": [59, 108], "uv_size": [-1, 4]},
								"down": {"uv": [60, 112], "uv_size": [-1, -4]}
							}
						},
						{
							"origin": [-5.59264, 6.74264, -3],
							"size": [1, 1, 1],
							"inflate": 0.2,
							"uv": {
								"north": {"uv": [110, 53], "uv_size": [-1, 1]},
								"south": {"uv": [112, 53], "uv_size": [-1, 1]},
								"up": {"uv": [110, 52], "uv_size": [-1, 1]},
								"down": {"uv": [111, 53], "uv_size": [-1, -1]}
							}
						}
					]
				},
				{
					"name": "barrel12",
					"parent": "barrel_right",
					"pivot": [-3.88523, 3.35743, -49.85088],
					"rotation": [0, 0, -45],
					"cubes": [
						{
							"origin": [-5.38337, 2.85743, -50],
							"size": [1, 1, 48],
							"inflate": 0.2,
							"uv": {
								"east": {"uv": [97, 102], "uv_size": [-48, 1]},
								"south": {"uv": [98, 102], "uv_size": [-1, 1]},
								"west": {"uv": [48, 102], "uv_size": [-48, 1]},
								"up": {"uv": [49, 54], "uv_size": [-1, 48]},
								"down": {"uv": [50, 102], "uv_size": [-1, -48]}
							}
						},
						{
							"origin": [-3.78896, 2.85743, -6.05264],
							"size": [1, 1, 4],
							"inflate": 0.2,
							"pivot": [-3.28896, 3.35743, -4.05264],
							"rotation": [0, -5, 0],
							"uv": {
								"north": {"uv": [59, 112], "uv_size": [-1, 1]},
								"east": {"uv": [63, 112], "uv_size": [-4, 1]},
								"west": {"uv": [58, 112], "uv_size": [-4, 1]},
								"up": {"uv": [59, 108], "uv_size": [-1, 4]},
								"down": {"uv": [60, 112], "uv_size": [-1, -4]}
							}
						},
						{
							"origin": [-3.98337, 2.85743, -3],
							"size": [1, 1, 1],
							"inflate": 0.2,
							"uv": {
								"north": {"uv": [110, 53], "uv_size": [-1, 1]},
								"south": {"uv": [112, 53], "uv_size": [-1, 1]},
								"up": {"uv": [110, 52], "uv_size": [-1, 1]},
								"down": {"uv": [111, 53], "uv_size": [-1, -1]}
							}
						}
					]
				},
				{
					"name": "barrel13",
					"parent": "barrel_right",
					"pivot": [-3.88517, 11.12783, -49.85088],
					"rotation": [0, 0, 45],
					"cubes": [
						{
							"origin": [-5.38331, 10.62783, -50],
							"size": [1, 1, 48],
							"inflate": 0.2,
							"uv": {
								"east": {"uv": [97, 102], "uv_size": [-48, 1]},
								"south": {"uv": [98, 102], "uv_size": [-1, 1]},
								"west": {"uv": [48, 102], "uv_size": [-48, 1]},
								"up": {"uv": [49, 54], "uv_size": [-1, 48]},
								"down": {"uv": [50, 102], "uv_size": [-1, -48]}
							}
						},
						{
							"origin": [-3.7889, 10.62783, -6.05264],
							"size": [1, 1, 4],
							"inflate": 0.2,
							"pivot": [-3.2889, 11.12783, -4.05264],
							"rotation": [0, -5, 0],
							"uv": {
								"north": {"uv": [59, 112], "uv_size": [-1, 1]},
								"east": {"uv": [63, 112], "uv_size": [-4, 1]},
								"west": {"uv": [58, 112], "uv_size": [-4, 1]},
								"up": {"uv": [59, 108], "uv_size": [-1, 4]},
								"down": {"uv": [60, 112], "uv_size": [-1, -4]}
							}
						},
						{
							"origin": [-3.98331, 10.62783, -3],
							"size": [1, 1, 1],
							"inflate": 0.2,
							"uv": {
								"north": {"uv": [110, 53], "uv_size": [-1, 1]},
								"south": {"uv": [112, 53], "uv_size": [-1, 1]},
								"up": {"uv": [110, 52], "uv_size": [-1, 1]},
								"down": {"uv": [111, 53], "uv_size": [-1, -1]}
							}
						}
					]
				},
				{
					"name": "barrel14",
					"parent": "barrel_right",
					"pivot": [-2.10262, 12.31888, -49.85088],
					"rotation": [0, 0, 67.5],
					"cubes": [
						{
							"origin": [-3.60075, 11.81888, -50],
							"size": [1, 1, 48],
							"inflate": 0.2,
							"uv": {
								"east": {"uv": [97, 102], "uv_size": [-48, 1]},
								"south": {"uv": [98, 102], "uv_size": [-1, 1]},
								"west": {"uv": [48, 102], "uv_size": [-48, 1]},
								"up": {"uv": [49, 54], "uv_size": [-1, 48]},
								"down": {"uv": [50, 102], "uv_size": [-1, -48]}
							}
						},
						{
							"origin": [-2.00635, 11.81888, -6.05264],
							"size": [1, 1, 4],
							"inflate": 0.2,
							"pivot": [-1.50635, 12.31888, -4.05264],
							"rotation": [0, -5, 0],
							"uv": {
								"north": {"uv": [59, 112], "uv_size": [-1, 1]},
								"east": {"uv": [63, 112], "uv_size": [-4, 1]},
								"west": {"uv": [58, 112], "uv_size": [-4, 1]},
								"up": {"uv": [59, 108], "uv_size": [-1, 4]},
								"down": {"uv": [60, 112], "uv_size": [-1, -4]}
							}
						},
						{
							"origin": [-2.20075, 11.81888, -3],
							"size": [1, 1, 1],
							"inflate": 0.2,
							"uv": {
								"north": {"uv": [110, 53], "uv_size": [-1, 1]},
								"south": {"uv": [112, 53], "uv_size": [-1, 1]},
								"up": {"uv": [110, 52], "uv_size": [-1, 1]},
								"down": {"uv": [111, 53], "uv_size": [-1, -1]}
							}
						}
					]
				},
				{
					"name": "barrel15",
					"parent": "barrel_right",
					"pivot": [-5.07625, 9.34529, -49.85088],
					"rotation": [0, 0, 22.5],
					"cubes": [
						{
							"origin": [-6.57438, 8.84529, -50],
							"size": [1, 1, 48],
							"inflate": 0.2,
							"uv": {
								"east": {"uv": [97, 102], "uv_size": [-48, 1]},
								"south": {"uv": [98, 102], "uv_size": [-1, 1]},
								"west": {"uv": [48, 102], "uv_size": [-48, 1]},
								"up": {"uv": [49, 54], "uv_size": [-1, 48]},
								"down": {"uv": [50, 102], "uv_size": [-1, -48]}
							}
						},
						{
							"origin": [-4.97997, 8.84529, -6.05264],
							"size": [1, 1, 4],
							"inflate": 0.2,
							"pivot": [-4.47997, 9.34529, -4.05264],
							"rotation": [0, -5, 0],
							"uv": {
								"north": {"uv": [59, 112], "uv_size": [-1, 1]},
								"east": {"uv": [63, 112], "uv_size": [-4, 1]},
								"west": {"uv": [58, 112], "uv_size": [-4, 1]},
								"up": {"uv": [59, 108], "uv_size": [-1, 4]},
								"down": {"uv": [60, 112], "uv_size": [-1, -4]}
							}
						},
						{
							"origin": [-5.17438, 8.84529, -3],
							"size": [1, 1, 1],
							"inflate": 0.2,
							"uv": {
								"north": {"uv": [110, 53], "uv_size": [-1, 1]},
								"south": {"uv": [112, 53], "uv_size": [-1, 1]},
								"up": {"uv": [110, 52], "uv_size": [-1, 1]},
								"down": {"uv": [111, 53], "uv_size": [-1, -1]}
							}
						}
					]
				},
				{
					"name": "barrel16",
					"parent": "barrel_right",
					"pivot": [-2.10269, 2.16635, -49.85088],
					"rotation": [0, 0, -67.5],
					"cubes": [
						{
							"origin": [-3.60083, 1.66635, -50],
							"size": [1, 1, 48],
							"inflate": 0.2,
							"uv": {
								"east": {"uv": [97, 102], "uv_size": [-48, 1]},
								"south": {"uv": [98, 102], "uv_size": [-1, 1]},
								"west": {"uv": [48, 102], "uv_size": [-48, 1]},
								"up": {"uv": [49, 54], "uv_size": [-1, 48]},
								"down": {"uv": [50, 102], "uv_size": [-1, -48]}
							}
						},
						{
							"origin": [-2.00642, 1.66635, -6.05264],
							"size": [1, 1, 4],
							"inflate": 0.2,
							"pivot": [-1.50642, 2.16635, -4.05264],
							"rotation": [0, -5, 0],
							"uv": {
								"north": {"uv": [59, 112], "uv_size": [-1, 1]},
								"east": {"uv": [63, 112], "uv_size": [-4, 1]},
								"west": {"uv": [58, 112], "uv_size": [-4, 1]},
								"up": {"uv": [59, 108], "uv_size": [-1, 4]},
								"down": {"uv": [60, 112], "uv_size": [-1, -4]}
							}
						},
						{
							"origin": [-2.20083, 1.66635, -3],
							"size": [1, 1, 1],
							"inflate": 0.2,
							"uv": {
								"north": {"uv": [110, 53], "uv_size": [-1, 1]},
								"south": {"uv": [112, 53], "uv_size": [-1, 1]},
								"up": {"uv": [110, 52], "uv_size": [-1, 1]},
								"down": {"uv": [111, 53], "uv_size": [-1, -1]}
							}
						}
					]
				},
				{
					"name": "barrel2",
					"parent": "barrel",
					"pivot": [-0.00004, 12.73711, -49.85088],
					"rotation": [0, 0, -90],
					"cubes": [
						{
							"origin": [0.49809, 12.23711, -50],
							"size": [1, 1, 48],
							"inflate": 0.2,
							"uv": {
								"east": {"uv": [0, 102], "uv_size": [48, 1]},
								"south": {"uv": [97, 102], "uv_size": [1, 1]},
								"west": {"uv": [49, 102], "uv_size": [48, 1]},
								"up": {"uv": [48, 54], "uv_size": [1, 48]},
								"down": {"uv": [49, 102], "uv_size": [1, -48]}
							}
						},
						{
							"origin": [-1.09631, 12.23711, -6.05264],
							"size": [1, 1, 4],
							"inflate": 0.2,
							"pivot": [-0.59631, 12.73711, -4.05264],
							"rotation": [0, 5, 0],
							"uv": {
								"north": {"uv": [58, 112], "uv_size": [1, 1]},
								"east": {"uv": [54, 112], "uv_size": [4, 1]},
								"west": {"uv": [59, 112], "uv_size": [4, 1]},
								"up": {"uv": [58, 108], "uv_size": [1, 4]},
								"down": {"uv": [59, 112], "uv_size": [1, -4]}
							}
						},
						{
							"origin": [-0.90191, 12.23711, -3],
							"size": [1, 1, 1],
							"inflate": 0.2,
							"uv": {
								"north": {"uv": [109, 53], "uv_size": [1, 1]},
								"south": {"uv": [111, 53], "uv_size": [1, 1]},
								"up": {"uv": [109, 52], "uv_size": [1, 1]},
								"down": {"uv": [110, 53], "uv_size": [1, -1]}
							}
						}
					]
				},
				{
					"name": "barrel3",
					"parent": "barrel",
					"pivot": [0.00004, 1.74809, -49.85088],
					"rotation": [0, 0, 90],
					"cubes": [
						{
							"origin": [0.49818, 1.24809, -50],
							"size": [1, 1, 48],
							"inflate": 0.2,
							"uv": {
								"east": {"uv": [0, 102], "uv_size": [48, 1]},
								"south": {"uv": [97, 102], "uv_size": [1, 1]},
								"west": {"uv": [49, 102], "uv_size": [48, 1]},
								"up": {"uv": [48, 54], "uv_size": [1, 48]},
								"down": {"uv": [49, 102], "uv_size": [1, -48]}
							}
						},
						{
							"origin": [-1.09623, 1.24809, -6.05264],
							"size": [1, 1, 4],
							"inflate": 0.2,
							"pivot": [-0.59623, 1.74809, -4.05264],
							"rotation": [0, 5, 0],
							"uv": {
								"north": {"uv": [58, 112], "uv_size": [1, 1]},
								"east": {"uv": [54, 112], "uv_size": [4, 1]},
								"west": {"uv": [59, 112], "uv_size": [4, 1]},
								"up": {"uv": [58, 108], "uv_size": [1, 4]},
								"down": {"uv": [59, 112], "uv_size": [1, -4]}
							}
						},
						{
							"origin": [-0.90182, 1.24809, -3],
							"size": [1, 1, 1],
							"inflate": 0.2,
							"uv": {
								"north": {"uv": [109, 53], "uv_size": [1, 1]},
								"south": {"uv": [111, 53], "uv_size": [1, 1]},
								"up": {"uv": [109, 52], "uv_size": [1, 1]},
								"down": {"uv": [110, 53], "uv_size": [1, -1]}
							}
						}
					]
				},
				{
					"name": "thewat",
					"parent": "p221zldl",
					"pivot": [0, 0, -36]
				},
				{
					"name": "cook",
					"parent": "thewat",
					"pivot": [8.25, 7.21717, -44.54027],
					"rotation": [0, 0, 90]
				},
				{
					"name": "sight",
					"parent": "thewat",
					"pivot": [1.15092, 14.96717, -5.04027]
				},
				{
					"name": "main",
					"parent": "p221zldl",
					"pivot": [-0.74264, 6.74264, 5],
					"cubes": [
						{
							"origin": [-0.5, 6.74264, -53],
							"size": [1, 1, 53],
							"inflate": 0.2,
							"uv": {
								"east": {"uv": [0, 53], "uv_size": [53, 1]},
								"west": {"uv": [54, 53], "uv_size": [53, 1]},
								"up": {"uv": [53, 0], "uv_size": [1, 53]},
								"down": {"uv": [54, 53], "uv_size": [1, -53]}
							}
						},
						{
							"origin": [-0.5, 7.03259, -0.3],
							"size": [1, 1, 5],
							"inflate": 0.2,
							"pivot": [0, 7.53259, 0.2],
							"rotation": [45, 0, 0],
							"uv": {
								"east": {"uv": [108, 45], "uv_size": [5, 1]},
								"south": {"uv": [119, 45], "uv_size": [1, 1]},
								"west": {"uv": [114, 45], "uv_size": [5, 1]},
								"up": {"uv": [113, 40], "uv_size": [1, 5]},
								"down": {"uv": [114, 45], "uv_size": [1, -5]}
							}
						},
						{
							"origin": [-0.5, 4.34558, 3.23553],
							"size": [1, 1, 3],
							"inflate": 0.2,
							"pivot": [0, 4.84558, 3.73553],
							"rotation": [45, 0, 0],
							"uv": {
								"north": {"uv": [79, 111], "uv_size": [1, 1]},
								"east": {"uv": [76, 111], "uv_size": [3, 1]},
								"west": {"uv": [80, 111], "uv_size": [3, 1]},
								"up": {"uv": [79, 108], "uv_size": [1, 3]},
								"down": {"uv": [80, 111], "uv_size": [1, -3]}
							}
						},
						{
							"origin": [-0.5, 4.16396, 3.39706],
							"size": [1, 4, 1],
							"inflate": 0.2,
							"pivot": [0, 8.66396, 1.89706],
							"rotation": [45, 0, 0],
							"uv": {
								"north": {"uv": [97, 109], "uv_size": [1, 4]},
								"east": {"uv": [96, 109], "uv_size": [1, 4]},
								"south": {"uv": [99, 109], "uv_size": [1, 4]},
								"west": {"uv": [98, 109], "uv_size": [1, 4]},
								"down": {"uv": [98, 109], "uv_size": [1, -1]}
							}
						}
					]
				},
				{
					"name": "constraint",
					"parent": "p221zldl",
					"pivot": [-0.025, 8.54, -6.215]
				},
				{
					"name": "positioning2",
					"parent": "p221zldl",
					"pivot": [0, 0, 0]
				},
				{
					"name": "scope_pos",
					"parent": "positioning2",
					"pivot": [0, 8.25, 9]
				},
				{
					"name": "muzzle_pos",
					"parent": "positioning2",
					"pivot": [0, 12.4, -54.625]
				},
				{
					"name": "grip_pos",
					"parent": "positioning2",
					"pivot": [0, 4.5, -1.075]
				},
				{
					"name": "laser_pos",
					"parent": "positioning2",
					"pivot": [0, 8.24375, -1.475]
				},
				{
					"name": "muzzle_flash",
					"parent": "positioning2",
					"pivot": [0, 7.375, -58.625]
				},
				{
					"name": "stock_pos",
					"parent": "positioning2",
					"pivot": [0, 6, 14.4]
				},
				{
					"name": "shell",
					"parent": "positioning2",
					"pivot": [-4.325, 9.875, -14.175]
				},
				{
					"name": "camera",
					"pivot": [7.21875, 15.0125, 8.5125]
				},
				{
					"name": "view",
					"pivot": [0, 0, 0]
				},
				{
					"name": "iron_view",
					"parent": "view",
					"pivot": [4.2188, 13.0125, -5.4875]
				},
				{
					"name": "idle_view",
					"parent": "view",
					"pivot": [7.2188, 15.0125, 8.5125]
				},
				{
					"name": "refit_view",
					"parent": "view",
					"pivot": [24.325, 6.575, -9.5],
					"rotation": [0, 90, 0]
				},
				{
					"name": "refit_extended_mag_view",
					"parent": "view",
					"pivot": [16.775, 2.55, -27.625],
					"rotation": [0, 90, 0]
				},
				{
					"name": "refit_muzzle_view",
					"parent": "view",
					"pivot": [17.55, 6.55, -28.125],
					"rotation": [0, 90, 0]
				},
				{
					"name": "refit_stock_view",
					"parent": "view",
					"pivot": [16.675, 7.5, -2.225],
					"rotation": [0, 90, 0]
				},
				{
					"name": "refit_laser_view",
					"parent": "view",
					"pivot": [17.925, 5.45, -45.875],
					"rotation": [0, 90, 0]
				},
				{
					"name": "refit_grip_view",
					"parent": "view",
					"pivot": [21.925, -1.025, -41.875],
					"rotation": [0, 90, 0]
				},
				{
					"name": "refit_scope_view",
					"parent": "view",
					"pivot": [18.925, 16.3, -33.875],
					"rotation": [0, 120, 0]
				},
				{
					"name": "positioning",
					"pivot": [0, 0, -8]
				},
				{
					"name": "thirdperson_hand",
					"parent": "positioning",
					"pivot": [0, 3.875, 10.425]
				},
				{
					"name": "ground",
					"parent": "positioning",
					"pivot": [0, -3.625, 8.1]
				},
				{
					"name": "fixed",
					"parent": "positioning",
					"pivot": [0, 6.525, -27.4],
					"rotation": [0, 90, 0]
				}
			]
		}
	]
}