{
  "model": "daffas_arsenal:gun/hk45_geo",
  "texture": "daffas_arsenal:gun/uv/hk45",
  "lod": {
    "model": "daffas_arsenal:gun/hk45_geo",
    "texture": "daffas_arsenal:gun/uv/hk45"
  },
  "hud": "daffas_arsenal:gun/hud/hk45",
  "slot": "daffas_arsenal:gun/slot/hk45",
  "animation": "daffas_arsenal:hk45",
  "use_default_animation": "pistol",
  "player_animator_3rd": "tacz:pistol_default.player_animation",
  "state_machine": "daffas_arsenal:hk45_state_machine",
  "transform": {
    "scale": {
      "thirdperson": [0.6, 0.6, 0.6],
      "ground": [0.6, 0.6, 0.6],
      "fixed": [1.2, 1.2, 1.2]
    }
  },
  "shell": {
    "initial_velocity": [8.0, 5.0, -0.5],
    "random_velocity": [2.5, 1.5, 0.25],
    "acceleration": [0.0, -20, 0.0],
    "angular_velocity": [360, -720, 90],
    "living_time": 1.0
  },
  "muzzle_flash": {
    "texture": "daffas_arsenal:flash/daffas_muzzle_flash_fire_old",
    "scale": 2
  },
  "sounds": {
    "shoot": "daffas_arsenal:hk45/daffas_hk45_shoot",
    "shoot_3p": "daffas_arsenal:hk45/daffas_hk45_shoot",
    "silence": "daffas_arsenal:supressor/daffas_smg",
    "silence_3p": "daffas_arsenal:supressor/daffas_smg",
    "dry_fire": "tacz:dry_fire",
    "fire_select": "tacz:fire_select",
    "head_hit": "tacz:head_hit",
    "flesh_hit": "tacz:flesh_hit",
    "kill": "tacz:kill",
    "melee_push": "tacz:melee_stock/melee_stock_01",
    "melee_stock": "tacz:melee_stock/melee_stock_03"
  },
  "offhand_show": {
    "pos": [4, 13, -1],
    "rotate": [-90, -35, 90],
    "scale": [0.5, 0.5, 0.5]
  },
  "hotbar_show": {
    "0": {
      "pos": [-5, 13, -1],
      "rotate": [-90, -35, 90],
      "scale": [0.5, 0.5, 0.5]
    }
  }
}