{
	"format_version": "1.8.0",
	"animations": {
		"draw": {
			"animation_length": 1.0667,
			"bones": {
				"root": {
					"rotation": {
						"0.0": {
							"post": [-72.74998, 2.99318, -19.54589],
							"lerp_mode": "catmullrom"
						},
						"0.1333": {
							"post": [-72.5, 0, -10],
							"lerp_mode": "catmullrom"
						},
						"0.2": {
							"post": [-58.6875, 0, -11],
							"lerp_mode": "catmullrom"
						},
						"0.3333": {
							"post": [-11.2, -5.22, 1.71],
							"lerp_mode": "catmullrom"
						},
						"0.4333": {
							"post": [4.62838, -6.96389, 5.95155],
							"lerp_mode": "catmullrom"
						},
						"0.5333": {
							"post": [7.72, -5.05, 4.73],
							"lerp_mode": "catmullrom"
						},
						"0.6667": {
							"post": [6.00333, -2.4997, 3.09724],
							"lerp_mode": "catmullrom"
						},
						"0.8333": {
							"post": [0, 0, 1.25],
							"lerp_mode": "catmullrom"
						},
						"1.0667": {
							"post": [0, 0, 0],
							"lerp_mode": "catmullrom"
						}
					},
					"position": {
						"0.0": {
							"post": [-9.565, 6.9, 13.125],
							"lerp_mode": "catmullrom"
						},
						"0.1333": {
							"post": [-5.2375, 5.9, 3.15],
							"lerp_mode": "catmullrom"
						},
						"0.3333": {
							"post": [-1.05, -0.28, 0.63],
							"lerp_mode": "catmullrom"
						},
						"0.4333": {
							"post": [0, -1.82, 0],
							"lerp_mode": "catmullrom"
						},
						"0.5333": {
							"post": [0, -2.47, 0],
							"lerp_mode": "catmullrom"
						},
						"0.6667": {
							"post": [0, -1.0125, 0],
							"lerp_mode": "catmullrom"
						},
						"0.7667": {
							"post": [0, 0, 0],
							"lerp_mode": "catmullrom"
						},
						"0.9": {
							"post": [0, 0.2125, 0],
							"lerp_mode": "catmullrom"
						},
						"1.0667": {
							"post": [0, 0, 0],
							"lerp_mode": "catmullrom"
						}
					}
				},
				"lefthand": {
					"rotation": {
						"0.0": [70.3292, -321.06059, -112.41787],
						"0.1667": [70.3292, -321.06059, -112.41787],
						"0.3667": [89.52779, -393.457, -128.79941],
						"0.4667": [89.52779, -393.457, -128.79941]
					},
					"position": {
						"0.0": [18.56367, -41.0396, 31.7534],
						"0.1667": [18.09202, -22.24408, 14.26292],
						"0.3667": [6.925, -14.05, -8.8375],
						"0.4667": [6.925, -14.05, -8.8375]
					},
					"scale": {
						"0.0": {
							"post": [1, 1.5, 1],
							"lerp_mode": "catmullrom"
						},
						"0.4667": [1, 1.5, 1]
					}
				},
				"gun_and_righthand": {
					"rotation": {
						"0.0": [0, 0, 0],
						"0.4": [0, 0, 0]
					},
					"position": {
						"0.0": [0, 0, 0],
						"0.4": [0, 0, 0]
					}
				},
				"righthand": {
					"rotation": [115.88404, 15.6963, -174.73228],
					"position": [-7.1625, -13.4625, 3.85],
					"scale": [1, 1.5, 1]
				},
				"camera": {
					"rotation": {
						"0.0": {
							"post": [0, 0, 0],
							"lerp_mode": "catmullrom"
						},
						"0.2667": {
							"post": [-2, 1.25, 2],
							"lerp_mode": "catmullrom"
						},
						"0.4333": {
							"post": [-0.64, 1.65, -1.08],
							"lerp_mode": "catmullrom"
						},
						"0.6": {
							"post": [1.5, 0, -1.25],
							"lerp_mode": "catmullrom"
						},
						"0.8333": {
							"post": [0.25, 0, 1.25],
							"lerp_mode": "catmullrom"
						},
						"1.0667": {
							"post": [0, 0, 0],
							"lerp_mode": "catmullrom"
						}
					}
				},
				"constraint": {
					"rotation": {
						"0.0": [0.5, 0.5, 0.5],
						"0.8333": [0.5, 0.5, 0.5],
						"1.0667": [0, 0, 0]
					},
					"position": {
						"0.0": [0.5, 0.5, 0.5],
						"0.8333": [0.5, 0.5, 0.5],
						"1.0667": [0, 0, 0]
					}
				}
			},
			"sound_effects": {
				"0.0": {
					"effect": "daffas_arsenal:ss1_v5/daffas_ss1_v5_raise"
				},
				"0.2333": {
					"effect": "daffas_arsenal:ss1_v5/daffas_ss1_v5_draw"
				},
				"0.3": {
					"effect": "daffas_arsenal:ssg69/daffas_ss1_v5_draw"
				}
			}
		},
		"put_away": {
			"animation_length": 0.8667,
			"bones": {
				"root": {
					"rotation": {
						"0.0": {
							"post": [0, 0, 0],
							"lerp_mode": "catmullrom"
						},
						"0.1": {
							"post": [-18.61182, -1.64343, -9.61182],
							"lerp_mode": "catmullrom"
						},
						"0.2": {
							"post": [-48.63609, -1.55531, -21.11078],
							"lerp_mode": "catmullrom"
						},
						"0.3667": {
							"post": [-64.26152, 16.37718, -24.65757],
							"lerp_mode": "catmullrom"
						},
						"0.5333": {
							"post": [-64.26, 16.38, -24.66],
							"lerp_mode": "catmullrom"
						},
						"0.8667": {
							"post": [-75.47439, 16.96023, -34.26227],
							"lerp_mode": "catmullrom"
						}
					},
					"position": {
						"0.0": {
							"post": [0, 0, 0],
							"lerp_mode": "catmullrom"
						},
						"0.1": {
							"post": [0, 0.425, 1.025],
							"lerp_mode": "catmullrom"
						},
						"0.2667": {
							"post": [0, 0.4225, 4.78],
							"lerp_mode": "catmullrom"
						},
						"0.3667": {
							"post": [-7.075, 0.26, 5.955],
							"lerp_mode": "catmullrom"
						},
						"0.5333": {
							"post": [-11.08, -1.94, 14.96],
							"lerp_mode": "catmullrom"
						},
						"0.8667": {
							"post": [-12.08, 0.06, 26.685],
							"lerp_mode": "catmullrom"
						}
					}
				},
				"lefthand": {
					"rotation": {
						"0.0": [89.52779, -393.457, -128.79941],
						"0.2667": [112.48573, -371.53707, -170.80526]
					},
					"position": {
						"0.0": [6.925, -14.05, -8.8375],
						"0.2667": [8.74824, -12.68707, -6.04105]
					},
					"scale": [1, 1.5, 1]
				},
				"righthand": {
					"rotation": [115.88404, 15.6963, -174.73228],
					"position": [-7.1625, -13.4625, 3.85],
					"scale": [1, 1.5, 1]
				},
				"camera": {
					"rotation": {
						"0.0": {
							"post": [0, 0, 0],
							"lerp_mode": "catmullrom"
						},
						"0.1333": {
							"post": [0.22, -0.62, -1.01],
							"lerp_mode": "catmullrom"
						},
						"0.2667": {
							"post": [0.8, -1, -0.125],
							"lerp_mode": "catmullrom"
						},
						"0.4": {
							"post": [2.2, -0.15, -1.95],
							"lerp_mode": "catmullrom"
						},
						"0.6": {
							"post": [1.64, 1, -0.95],
							"lerp_mode": "catmullrom"
						},
						"0.8667": [0, 0, 0]
					}
				},
				"constraint": {
					"rotation": {
						"0.0": [0.1, 0.1, 0.1],
						"0.4": [0.1, 0.1, 0.1],
						"0.8": [0, 0, 0]
					},
					"position": {
						"0.0": [0.1, 0.1, 0.1],
						"0.4": [0.1, 0.1, 0.1],
						"0.8": [0, 0, 0]
					}
				}
			},
			"sound_effects": {
				"0.0333": {
					"effect": "daffas_arsenal:hk416/daffas_hk416_cloth4"
				},
				"0.1333": {
					"effect": "daffas_arsenal:ss1_v5/daffas_ss1_v5_inspect06"
				}
			}
		},
		"static_idle": {
			"loop": true,
			"animation_length": 1.0833,
			"bones": {
				"lefthand": {
					"rotation": [89.52779, -393.457, -128.79941],
					"position": [6.925, -14.05, -8.8375],
					"scale": [1, 1.5, 1]
				},
				"righthand": {
					"rotation": [115.88404, 15.6963, -174.73228],
					"position": [-7.1625, -13.4625, 3.85],
					"scale": [1, 1.5, 1]
				},
				"constraint": {
					"rotation": [0.05, 0.05, 0.05],
					"position": [0.2, 0.2, 0.2]
				}
			}
		},
		"inspect": {
			"animation_length": 5.9,
			"bones": {
				"bolt": {
					"position": {
						"0.0": {
							"post": [0, 0, 0],
							"lerp_mode": "catmullrom"
						}
					}
				},
				"swivel": {
					"rotation": {
						"0.0": [0, 0, 0],
						"0.1": [-25, 0, 0],
						"0.2": [15, 0, 0],
						"0.3": [5, 0, 0],
						"0.4667": [-30, 0, 0],
						"0.6333": [25, 0, 0],
						"0.7667": [5, 0, 0],
						"0.9333": [25, 0, 0],
						"1.0667": [20, 0, 0],
						"1.2": [25, 0, 0],
						"2.5667": [25, 0, 0],
						"2.9": [25, 0, 0],
						"3.0333": [5, 0, 0],
						"3.2": [25, 0, 0],
						"3.3333": [20, 0, 0],
						"3.4667": [25, 0, 0],
						"5.1333": [25, 0, 0],
						"5.3333": [10, 0, 0],
						"5.5": [-27.5, 0, 0],
						"5.7": [12.5, 0, 0],
						"5.8": [-2.5, 0, 0],
						"5.9": [0, 0, 0]
					}
				},
				"root": {
					"rotation": {
						"0.0": {
							"post": [0, 0, 0],
							"lerp_mode": "catmullrom"
						},
						"0.0667": {
							"post": [0.24969, -0.98691, -3.00433],
							"lerp_mode": "catmullrom"
						},
						"0.2": {
							"post": [-14.69692, -1.51631, -5.44823],
							"lerp_mode": "catmullrom"
						},
						"0.3667": {
							"post": [-41.05497, -9.10015, -8.14714],
							"lerp_mode": "catmullrom"
						},
						"0.4667": {
							"post": [-46.94048, -10.7729, -10.70351],
							"lerp_mode": "catmullrom"
						},
						"0.5667": {
							"post": [-49.31892, -12.60178, -13.63082],
							"lerp_mode": "catmullrom"
						},
						"0.6667": {
							"post": [-48.88188, -14.68058, -15.48351],
							"lerp_mode": "catmullrom"
						},
						"0.8": {
							"post": [-46.09856, -12.70669, -13.51261],
							"lerp_mode": "catmullrom"
						},
						"0.9667": {
							"post": [-43.87977, -12.81907, -13.39776],
							"lerp_mode": "catmullrom"
						},
						"1.2": {
							"post": [-43.66721, -13.68385, -14.32504],
							"lerp_mode": "catmullrom"
						},
						"1.4": {
							"post": [-44.64857, -18.05202, -18.97242],
							"lerp_mode": "catmullrom"
						},
						"1.5333": {
							"post": [-44.99, -16.8, -17.7],
							"lerp_mode": "catmullrom"
						},
						"1.9": {
							"post": [-44.65802, -17.85743, -19.31448],
							"lerp_mode": "catmullrom"
						},
						"2.4": {
							"post": [-44.99, -16.8, -17.7],
							"lerp_mode": "catmullrom"
						},
						"2.5333": {
							"post": [-44.41933, -7.74581, -7.00835],
							"lerp_mode": "catmullrom"
						},
						"2.6667": {
							"post": [-44.59526, 6.34684, 24.72016],
							"lerp_mode": "catmullrom"
						},
						"2.8": {
							"post": [-44.50239, 22.98299, 68.95089],
							"lerp_mode": "catmullrom"
						},
						"2.9": {
							"post": [-46.28114, 34.42621, 74.54127],
							"lerp_mode": "catmullrom"
						},
						"3.0": {
							"post": [-49.89998, 28.82134, 72.36494],
							"lerp_mode": "catmullrom"
						},
						"3.1333": {
							"post": [-45.2476, 37.10303, 81.79605],
							"lerp_mode": "catmullrom"
						},
						"3.2667": {
							"post": [-47.9976, 37.10303, 78.54605],
							"lerp_mode": "catmullrom"
						},
						"3.5": {
							"post": [-45.2476, 37.10303, 82.29605],
							"lerp_mode": "catmullrom"
						},
						"4.0": {
							"post": [-45.25626, 37.09075, 80.85515],
							"lerp_mode": "catmullrom"
						},
						"4.2": {
							"post": [-45.25, 37.1, 82.3],
							"lerp_mode": "catmullrom"
						},
						"4.3333": {
							"post": [-43.2421, 39.56299, 89.39914],
							"lerp_mode": "catmullrom"
						},
						"4.6333": {
							"post": [-45.40653, 38.56992, 89.56101],
							"lerp_mode": "catmullrom"
						},
						"5.0333": {
							"post": [-44.30974, 37.15208, 91.34783],
							"lerp_mode": "catmullrom"
						},
						"5.1667": {
							"post": [-35.75121, 20.83665, 69.91532],
							"lerp_mode": "catmullrom"
						},
						"5.2667": {
							"post": [-32.1281, 4.25343, 46.30298],
							"lerp_mode": "catmullrom"
						},
						"5.4667": {
							"post": [-2.36911, -8.49223, 10.74446],
							"lerp_mode": "catmullrom"
						},
						"5.6": {
							"post": [3.74772, -0.13078, 1.99572],
							"lerp_mode": "catmullrom"
						},
						"5.7333": {
							"post": [-0.5, 0, -1.75],
							"lerp_mode": "catmullrom"
						},
						"5.9": {
							"post": [0, 0, 0],
							"lerp_mode": "catmullrom"
						}
					},
					"position": {
						"0.0": {
							"post": [0, 0, 0],
							"lerp_mode": "catmullrom"
						},
						"0.0667": {
							"post": [0.15, -0.5875, 0],
							"lerp_mode": "catmullrom"
						},
						"0.1333": {
							"post": [0.15, -1.1125, 0],
							"lerp_mode": "catmullrom"
						},
						"0.2": {
							"post": [0.15, 0.385, 0],
							"lerp_mode": "catmullrom"
						},
						"0.3667": {
							"post": [-0.4, -1.0975, 0.7875],
							"lerp_mode": "catmullrom"
						},
						"0.4667": {
							"post": [-0.2875, -0.4, 1.52],
							"lerp_mode": "catmullrom"
						},
						"0.5667": {
							"post": [-0.29, -0.85, 1.52],
							"lerp_mode": "catmullrom"
						},
						"0.6667": {
							"post": [-0.4775, -1.1125, 1.62],
							"lerp_mode": "catmullrom"
						},
						"0.8": {
							"post": [-0.48, -1.235, 1.62],
							"lerp_mode": "catmullrom"
						},
						"0.9667": {
							"post": [-0.48, -0.805, 1.5075],
							"lerp_mode": "catmullrom"
						},
						"1.2": {
							"post": [-0.48, -0.805, 1.5075],
							"lerp_mode": "catmullrom"
						},
						"1.4": {
							"post": [-0.48, -0.9425, 1.62],
							"lerp_mode": "catmullrom"
						},
						"1.6667": {
							"post": [-0.48, -0.7725, 1.62],
							"lerp_mode": "catmullrom"
						},
						"2.1": {
							"post": [-0.48, -0.7725, 1.62],
							"lerp_mode": "catmullrom"
						},
						"2.4": {
							"post": [-0.48, -0.9725, 1.62],
							"lerp_mode": "catmullrom"
						},
						"2.5333": {
							"post": [-0.48, -1.5425, 1.62],
							"lerp_mode": "catmullrom"
						},
						"2.6667": {
							"post": [0.0575, -2.7275, 1.62],
							"lerp_mode": "catmullrom"
						},
						"2.8": {
							"post": [0.06, -1.6425, 1.62],
							"lerp_mode": "catmullrom"
						},
						"2.9": {
							"post": [0.585, -0.1425, 1.62],
							"lerp_mode": "catmullrom"
						},
						"3.0": {
							"post": [0.4725, -0.4025, 1.62],
							"lerp_mode": "catmullrom"
						},
						"3.1333": {
							"post": [-0.1425, -1.3125, 1.62],
							"lerp_mode": "catmullrom"
						},
						"3.2667": {
							"post": [-0.3175, -0.375, 1.62],
							"lerp_mode": "catmullrom"
						},
						"3.5": {
							"post": [-0.4025, 0.04, 1.62],
							"lerp_mode": "catmullrom"
						},
						"4.0": {
							"post": [0.005, 0.08, 1.6],
							"lerp_mode": "catmullrom"
						},
						"4.2": {
							"post": [-0.0025, 0.04, 1.62],
							"lerp_mode": "catmullrom"
						},
						"4.3333": {
							"post": [0.235, 0.04, 1.9325],
							"lerp_mode": "catmullrom"
						},
						"4.5": {
							"post": [0.4, -0.085, 1.9],
							"lerp_mode": "catmullrom"
						},
						"4.8": {
							"post": [0.45, -0.135, 1.9],
							"lerp_mode": "catmullrom"
						},
						"5.0333": {
							"post": [0.375, -0.085, 1.9],
							"lerp_mode": "catmullrom"
						},
						"5.1333": {
							"post": [-0.14, -1.16, 1.62],
							"lerp_mode": "catmullrom"
						},
						"5.3667": {
							"post": [-0.14, -0.9275, 1.62],
							"lerp_mode": "catmullrom"
						},
						"5.4667": {
							"post": [0, -1.0375, 0],
							"lerp_mode": "catmullrom"
						},
						"5.6": {
							"post": [0, -0.8875, 0],
							"lerp_mode": "catmullrom"
						},
						"5.7333": {
							"post": [0, 0.15, 0],
							"lerp_mode": "catmullrom"
						},
						"5.9": {
							"post": [0, 0, 0],
							"lerp_mode": "catmullrom"
						}
					}
				},
				"mag_and_lefthand": {
					"rotation": [0, 0, 0],
					"position": [0, 0, 0]
				},
				"lefthand": {
					"rotation": {
						"0.0": [89.52779, -393.457, -128.79941],
						"0.5": {
							"pre": [53.77165, -339.73749, -113.78356],
							"post": [53.77165, -339.73749, -113.78356],
							"lerp_mode": "catmullrom"
						},
						"2.5333": {
							"post": [53.77, -339.74, -113.78],
							"lerp_mode": "catmullrom"
						},
						"2.7333": {
							"post": [46.74519, -388.18413, -143.42548],
							"lerp_mode": "catmullrom"
						},
						"2.8": {
							"post": [33.35971, -391.84005, -145.3355],
							"lerp_mode": "catmullrom"
						},
						"2.9667": {
							"post": [35.99519, -388.18413, -143.42548],
							"lerp_mode": "catmullrom"
						},
						"3.1333": {
							"post": [28.1955, -383.89187, -152.02519],
							"lerp_mode": "catmullrom"
						},
						"5.0333": {
							"post": [28.2, -383.89, -152.03],
							"lerp_mode": "catmullrom"
						},
						"5.2": {
							"post": [58.2, -383.89, -152.03],
							"lerp_mode": "catmullrom"
						},
						"5.4333": {
							"post": [84.42224, -383.91723, -124.64092],
							"lerp_mode": "catmullrom"
						},
						"5.6": [89.52779, -393.457, -128.79941]
					},
					"position": {
						"0.0": [6.925, -14.05, -8.8375],
						"0.1333": [9.51, -17.75, -5.05],
						"0.2": [10.5056, -22.81753, -2.27535],
						"0.4333": {
							"pre": [16.42014, -28.19809, 5.59539],
							"post": [16.42014, -28.19809, 5.59539],
							"lerp_mode": "catmullrom"
						},
						"0.7333": {
							"post": [19.84593, -37.83071, 14.91651],
							"lerp_mode": "catmullrom"
						},
						"2.5333": {
							"post": [19.85, -37.83, 14.92],
							"lerp_mode": "catmullrom"
						},
						"2.7333": [8.37829, -13.16936, -9.80979],
						"3.1333": [8.97222, -12.71649, -10.00697],
						"5.0333": [8.97222, -12.71649, -10.00697],
						"5.6": [6.925, -14.05, -8.8375]
					},
					"scale": {
						"0.0": [1, 1.5, 1],
						"2.5333": [1, 1.5, 1],
						"5.6": [1, 1.5, 1]
					}
				},
				"bullet": {
					"scale": 0
				},
				"gun_and_righthand": {
					"rotation": [0, 0, 0],
					"position": [0, 0, 0]
				},
				"righthand": {
					"rotation": [115.88404, 15.6963, -174.73228],
					"position": [-7.1625, -13.4625, 3.85],
					"scale": [1, 1.5, 1]
				},
				"constraint": {
					"rotation": {
						"0.0": [0.1, 0.1, 0.1],
						"5.5": [0.1, 0.1, 0.1],
						"5.9": [0, 0, 0]
					},
					"position": {
						"0.0": [0.1, 0.1, 0.1],
						"5.5": [0.1, 0.1, 0.1],
						"5.9": [0, 0, 0]
					}
				},
				"camera": {
					"rotation": {
						"0.0": {
							"post": [0, 0, 0],
							"lerp_mode": "catmullrom"
						},
						"0.4": {
							"post": [-2, -1.25, 0.75],
							"lerp_mode": "catmullrom"
						},
						"0.8": {
							"post": [-4.75, 1.25, 1.25],
							"lerp_mode": "catmullrom"
						},
						"1.6": {
							"post": [9.5, 5.25, 1.25],
							"lerp_mode": "catmullrom"
						},
						"2.5": {
							"post": [0.5, 5.25, 1.25],
							"lerp_mode": "catmullrom"
						},
						"2.8": {
							"post": [4.75, 1, 0],
							"lerp_mode": "catmullrom"
						},
						"3.0667": {
							"post": [2.5, -1.75, -0.75],
							"lerp_mode": "catmullrom"
						},
						"3.4": {
							"post": [0.5, 0.5, -0.75],
							"lerp_mode": "catmullrom"
						},
						"4.3": {
							"post": [6.75, 7.25, -0.75],
							"lerp_mode": "catmullrom"
						},
						"4.8667": {
							"post": [8.25, 12, -0.75],
							"lerp_mode": "catmullrom"
						},
						"5.0333": {
							"post": [4.83, 9.28, 1.42],
							"lerp_mode": "catmullrom"
						},
						"5.2": {
							"post": [3.15, 5.75, 0.33],
							"lerp_mode": "catmullrom"
						},
						"5.4667": {
							"post": [3, 0.75, 2.18],
							"lerp_mode": "catmullrom"
						},
						"5.6667": {
							"post": [-0.25, 0, -0.5],
							"lerp_mode": "catmullrom"
						},
						"5.9": {
							"post": [0, 0, 0],
							"lerp_mode": "catmullrom"
						}
					}
				}
			},
			"sound_effects": {
				"0.0": {
					"effect": "daffas_arsenal:ss1_v5/daffas_ss1_v5_inspect01"
				},
				"1.1667": {
					"effect": "daffas_arsenal:ss1_v5/daffas_ss1_v5_inspect02"
				},
				"2.3333": {
					"effect": "daffas_arsenal:ss1_v5/daffas_ss1_v5_inspect02"
				},
				"2.7": {
					"effect": "daffas_arsenal:ss1_v5/daffas_ss1_v5_inspect05"
				},
				"4.1": {
					"effect": "daffas_arsenal:ss1_v5/daffas_ss1_v5_inspect02"
				},
				"5.0667": {
					"effect": "daffas_arsenal:ss1_v5/daffas_ss1_v5_inspect04"
				}
			}
		},
		"inspect_empty": {
			"animation_length": 5.9,
			"bones": {
				"root": {
					"rotation": {
						"0.0": {
							"post": [0, 0, 0],
							"lerp_mode": "catmullrom"
						},
						"0.0667": {
							"post": [0.24969, -0.98691, -3.00433],
							"lerp_mode": "catmullrom"
						},
						"0.2": {
							"post": [-14.69692, -1.51631, -5.44823],
							"lerp_mode": "catmullrom"
						},
						"0.3667": {
							"post": [-41.05497, -9.10015, -8.14714],
							"lerp_mode": "catmullrom"
						},
						"0.4667": {
							"post": [-46.94048, -10.7729, -10.70351],
							"lerp_mode": "catmullrom"
						},
						"0.5667": {
							"post": [-49.31892, -12.60178, -13.63082],
							"lerp_mode": "catmullrom"
						},
						"0.6667": {
							"post": [-48.88188, -14.68058, -15.48351],
							"lerp_mode": "catmullrom"
						},
						"0.8": {
							"post": [-46.09856, -12.70669, -13.51261],
							"lerp_mode": "catmullrom"
						},
						"0.9667": {
							"post": [-43.87977, -12.81907, -13.39776],
							"lerp_mode": "catmullrom"
						},
						"1.2": {
							"post": [-43.66721, -13.68385, -14.32504],
							"lerp_mode": "catmullrom"
						},
						"1.4": {
							"post": [-44.64857, -18.05202, -18.97242],
							"lerp_mode": "catmullrom"
						},
						"1.5333": {
							"post": [-44.99, -16.8, -17.7],
							"lerp_mode": "catmullrom"
						},
						"1.9": {
							"post": [-44.65802, -17.85743, -19.31448],
							"lerp_mode": "catmullrom"
						},
						"2.4": {
							"post": [-44.99, -16.8, -17.7],
							"lerp_mode": "catmullrom"
						},
						"2.5333": {
							"post": [-44.41933, -7.74581, -7.00835],
							"lerp_mode": "catmullrom"
						},
						"2.6667": {
							"post": [-44.59526, 6.34684, 24.72016],
							"lerp_mode": "catmullrom"
						},
						"2.8": {
							"post": [-44.50239, 22.98299, 68.95089],
							"lerp_mode": "catmullrom"
						},
						"2.9": {
							"post": [-46.28114, 34.42621, 74.54127],
							"lerp_mode": "catmullrom"
						},
						"3.0": {
							"post": [-49.89998, 28.82134, 72.36494],
							"lerp_mode": "catmullrom"
						},
						"3.1333": {
							"post": [-45.2476, 37.10303, 81.79605],
							"lerp_mode": "catmullrom"
						},
						"3.2667": {
							"post": [-47.9976, 37.10303, 78.54605],
							"lerp_mode": "catmullrom"
						},
						"3.5": {
							"post": [-45.2476, 37.10303, 82.29605],
							"lerp_mode": "catmullrom"
						},
						"4.0": {
							"post": [-45.25626, 37.09075, 80.85515],
							"lerp_mode": "catmullrom"
						},
						"4.2": {
							"post": [-45.25, 37.1, 82.3],
							"lerp_mode": "catmullrom"
						},
						"4.3333": {
							"post": [-43.2421, 39.56299, 89.39914],
							"lerp_mode": "catmullrom"
						},
						"4.6333": {
							"post": [-45.40653, 38.56992, 89.56101],
							"lerp_mode": "catmullrom"
						},
						"5.0333": {
							"post": [-44.30974, 37.15208, 91.34783],
							"lerp_mode": "catmullrom"
						},
						"5.1667": {
							"post": [-35.75121, 20.83665, 69.91532],
							"lerp_mode": "catmullrom"
						},
						"5.2667": {
							"post": [-32.1281, 4.25343, 46.30298],
							"lerp_mode": "catmullrom"
						},
						"5.4667": {
							"post": [-2.36911, -8.49223, 10.74446],
							"lerp_mode": "catmullrom"
						},
						"5.6": {
							"post": [3.74772, -0.13078, 1.99572],
							"lerp_mode": "catmullrom"
						},
						"5.7333": {
							"post": [-0.5, 0, -1.75],
							"lerp_mode": "catmullrom"
						},
						"5.9": {
							"post": [0, 0, 0],
							"lerp_mode": "catmullrom"
						}
					},
					"position": {
						"0.0": {
							"post": [0, 0, 0],
							"lerp_mode": "catmullrom"
						},
						"0.0667": {
							"post": [0.15, -0.5875, 0],
							"lerp_mode": "catmullrom"
						},
						"0.1333": {
							"post": [0.15, -1.1125, 0],
							"lerp_mode": "catmullrom"
						},
						"0.2": {
							"post": [0.15, 0.385, 0],
							"lerp_mode": "catmullrom"
						},
						"0.3667": {
							"post": [-0.4, -1.0975, 0.7875],
							"lerp_mode": "catmullrom"
						},
						"0.4667": {
							"post": [-0.2875, -0.4, 1.52],
							"lerp_mode": "catmullrom"
						},
						"0.5667": {
							"post": [-0.29, -0.85, 1.52],
							"lerp_mode": "catmullrom"
						},
						"0.6667": {
							"post": [-0.4775, -1.1125, 1.62],
							"lerp_mode": "catmullrom"
						},
						"0.8": {
							"post": [-0.48, -1.235, 1.62],
							"lerp_mode": "catmullrom"
						},
						"0.9667": {
							"post": [-0.48, -0.805, 1.5075],
							"lerp_mode": "catmullrom"
						},
						"1.2": {
							"post": [-0.48, -0.805, 1.5075],
							"lerp_mode": "catmullrom"
						},
						"1.4": {
							"post": [-0.48, -0.9425, 1.62],
							"lerp_mode": "catmullrom"
						},
						"1.6667": {
							"post": [-0.48, -0.7725, 1.62],
							"lerp_mode": "catmullrom"
						},
						"2.1": {
							"post": [-0.48, -0.7725, 1.62],
							"lerp_mode": "catmullrom"
						},
						"2.4": {
							"post": [-0.48, -0.9725, 1.62],
							"lerp_mode": "catmullrom"
						},
						"2.5333": {
							"post": [-0.48, -1.5425, 1.62],
							"lerp_mode": "catmullrom"
						},
						"2.6667": {
							"post": [0.0575, -2.7275, 1.62],
							"lerp_mode": "catmullrom"
						},
						"2.8": {
							"post": [0.06, -1.6425, 1.62],
							"lerp_mode": "catmullrom"
						},
						"2.9": {
							"post": [0.585, -0.1425, 1.62],
							"lerp_mode": "catmullrom"
						},
						"3.0": {
							"post": [0.4725, -0.4025, 1.62],
							"lerp_mode": "catmullrom"
						},
						"3.1333": {
							"post": [-0.1425, -1.3125, 1.62],
							"lerp_mode": "catmullrom"
						},
						"3.2667": {
							"post": [-0.3175, -0.375, 1.62],
							"lerp_mode": "catmullrom"
						},
						"3.5": {
							"post": [-0.4025, 0.04, 1.62],
							"lerp_mode": "catmullrom"
						},
						"4.0": {
							"post": [0.005, 0.08, 1.6],
							"lerp_mode": "catmullrom"
						},
						"4.2": {
							"post": [-0.0025, 0.04, 1.62],
							"lerp_mode": "catmullrom"
						},
						"4.3333": {
							"post": [0.235, 0.04, 1.9325],
							"lerp_mode": "catmullrom"
						},
						"4.5": {
							"post": [0.4, -0.085, 1.9],
							"lerp_mode": "catmullrom"
						},
						"4.8": {
							"post": [0.45, -0.135, 1.9],
							"lerp_mode": "catmullrom"
						},
						"5.0333": {
							"post": [0.375, -0.085, 1.9],
							"lerp_mode": "catmullrom"
						},
						"5.1333": {
							"post": [-0.14, -1.16, 1.62],
							"lerp_mode": "catmullrom"
						},
						"5.3667": {
							"post": [-0.14, -0.9275, 1.62],
							"lerp_mode": "catmullrom"
						},
						"5.4667": {
							"post": [0, -1.0375, 0],
							"lerp_mode": "catmullrom"
						},
						"5.6": {
							"post": [0, -0.8875, 0],
							"lerp_mode": "catmullrom"
						},
						"5.7333": {
							"post": [0, 0.15, 0],
							"lerp_mode": "catmullrom"
						},
						"5.9": {
							"post": [0, 0, 0],
							"lerp_mode": "catmullrom"
						}
					}
				},
				"lefthand": {
					"rotation": {
						"0.0": [89.52779, -393.457, -128.79941],
						"0.5": {
							"pre": [53.77165, -339.73749, -113.78356],
							"post": [53.77165, -339.73749, -113.78356],
							"lerp_mode": "catmullrom"
						},
						"2.5333": {
							"post": [53.77, -339.74, -113.78],
							"lerp_mode": "catmullrom"
						},
						"2.7333": {
							"post": [46.74519, -388.18413, -143.42548],
							"lerp_mode": "catmullrom"
						},
						"2.8": {
							"post": [33.35971, -391.84005, -145.3355],
							"lerp_mode": "catmullrom"
						},
						"2.9667": {
							"post": [35.99519, -388.18413, -143.42548],
							"lerp_mode": "catmullrom"
						},
						"3.1333": {
							"post": [28.1955, -383.89187, -152.02519],
							"lerp_mode": "catmullrom"
						},
						"5.0333": {
							"post": [28.2, -383.89, -152.03],
							"lerp_mode": "catmullrom"
						},
						"5.2": {
							"post": [58.2, -383.89, -152.03],
							"lerp_mode": "catmullrom"
						},
						"5.4333": {
							"post": [84.42224, -383.91723, -124.64092],
							"lerp_mode": "catmullrom"
						},
						"5.6": [89.52779, -393.457, -128.79941]
					},
					"position": {
						"0.0": [6.925, -14.05, -8.8375],
						"0.1333": [9.51, -17.75, -5.05],
						"0.2": [10.5056, -22.81753, -2.27535],
						"0.4333": {
							"pre": [16.42014, -28.19809, 5.59539],
							"post": [16.42014, -28.19809, 5.59539],
							"lerp_mode": "catmullrom"
						},
						"0.7333": {
							"post": [19.84593, -37.83071, 14.91651],
							"lerp_mode": "catmullrom"
						},
						"2.5333": {
							"post": [19.85, -37.83, 14.92],
							"lerp_mode": "catmullrom"
						},
						"2.7333": [8.37829, -13.16936, -9.80979],
						"3.1333": [8.97222, -12.71649, -10.00697],
						"5.0333": [8.97222, -12.71649, -10.00697],
						"5.6": [6.925, -14.05, -8.8375]
					},
					"scale": {
						"0.0": [1, 1.5, 1],
						"2.5333": [1, 1.5, 1],
						"5.6": [1, 1.5, 1]
					}
				},
				"righthand": {
					"rotation": [115.88404, 15.6963, -174.73228],
					"position": [-7.1625, -13.4625, 3.85],
					"scale": [1, 1.5, 1]
				},
				"bullet": {
					"scale": 0
				},
				"mag_and_lefthand": {
					"rotation": [0, 0, 0],
					"position": [0, 0, 0]
				},
				"gun_and_righthand": {
					"rotation": [0, 0, 0],
					"position": [0, 0, 0]
				},
				"constraint": {
					"rotation": {
						"0.0": [0.1, 0.1, 0.1],
						"5.4667": [0.1, 0.1, 0.1],
						"5.8667": [0, 0, 0]
					},
					"position": {
						"0.0": [0.1, 0.1, 0.1],
						"5.4667": [0.1, 0.1, 0.1],
						"5.8667": [0, 0, 0]
					}
				},
				"camera": {
					"rotation": {
						"0.0": {
							"post": [0, 0, 0],
							"lerp_mode": "catmullrom"
						},
						"0.4": {
							"post": [-2, -1.25, 0.75],
							"lerp_mode": "catmullrom"
						},
						"0.8": {
							"post": [-4.75, 1.25, 1.25],
							"lerp_mode": "catmullrom"
						},
						"1.6": {
							"post": [9.5, 5.25, 1.25],
							"lerp_mode": "catmullrom"
						},
						"2.5": {
							"post": [0.5, 5.25, 1.25],
							"lerp_mode": "catmullrom"
						},
						"2.8": {
							"post": [4.75, 1, 0],
							"lerp_mode": "catmullrom"
						},
						"3.0667": {
							"post": [2.5, -1.75, -0.75],
							"lerp_mode": "catmullrom"
						},
						"3.4": {
							"post": [0.5, 0.5, -0.75],
							"lerp_mode": "catmullrom"
						},
						"4.3": {
							"post": [6.75, 7.25, -0.75],
							"lerp_mode": "catmullrom"
						},
						"4.8667": {
							"post": [8.25, 12, -0.75],
							"lerp_mode": "catmullrom"
						},
						"5.0333": {
							"post": [4.83, 9.28, 1.42],
							"lerp_mode": "catmullrom"
						},
						"5.2": {
							"post": [3.15, 5.75, 0.33],
							"lerp_mode": "catmullrom"
						},
						"5.4667": {
							"post": [3, 0.75, 2.18],
							"lerp_mode": "catmullrom"
						},
						"5.6667": {
							"post": [-0.25, 0, -0.5],
							"lerp_mode": "catmullrom"
						},
						"5.9": {
							"post": [0, 0, 0],
							"lerp_mode": "catmullrom"
						}
					}
				}
			},
			"sound_effects": {
				"0.0": {
					"effect": "daffas_arsenal:ss1_v5/daffas_ss1_v5_inspect01"
				},
				"1.1667": {
					"effect": "daffas_arsenal:ss1_v5/daffas_ss1_v5_inspect02"
				},
				"2.3333": {
					"effect": "daffas_arsenal:ss1_v5/daffas_ss1_v5_inspect02"
				},
				"2.7": {
					"effect": "daffas_arsenal:ss1_v5/daffas_ss1_v5_inspect05"
				},
				"4.1": {
					"effect": "daffas_arsenal:ss1_v5/daffas_ss1_v5_inspect02"
				},
				"5.0667": {
					"effect": "daffas_arsenal:ss1_v5/daffas_ss1_v5_inspect04"
				}
			}
		},
		"bolt": {
			"animation_length": 1.5,
			"bones": {
				"m95_bolt": {
					"rotation": {
						"0.0": [0, 0, 0],
						"0.1667": [0, 0, 0],
						"0.35": [0, 0, 0],
						"0.4": [0, 0, 0],
						"0.65": [0, 0, 0],
						"0.7167": [0, 0, 0]
					},
					"position": {
						"0.0": [0, 0, 0],
						"0.1667": [0, 0, 0],
						"0.35": [0, 0, 0],
						"0.4": [0, 0, 2.6625],
						"0.4667": [0, 0, 2.6625],
						"0.65": [0, 0, 2.6625],
						"0.7167": [0, 0, 0]
					}
				},
				"rotate": {
					"rotation": {
						"0.0": [0, 0, 0],
						"0.1": {
							"pre": [0, 0, 0],
							"post": [0, 0, 0],
							"lerp_mode": "catmullrom"
						},
						"0.2167": [0, 0, 50],
						"0.3833": [0, 0, 49],
						"0.6833": [0, 0, 49],
						"0.7833": [0, 0, 50.88],
						"0.8333": [0, 0, 0]
					},
					"position": {
						"0.0": [0, 0, 0],
						"0.1": {
							"pre": [0, 0, 0],
							"post": [0, 0, 0],
							"lerp_mode": "catmullrom"
						},
						"0.2167": [0, 0, 0],
						"0.7833": [0, 0, 0],
						"0.8333": [0, 0, 0]
					}
				},
				"root": {
					"rotation": {
						"0.0": {
							"post": [0, 0, 0],
							"lerp_mode": "catmullrom"
						},
						"0.1": {
							"post": [-1.54376, -1.20753, -0.29412],
							"lerp_mode": "catmullrom"
						},
						"0.2167": {
							"post": [0.7013, -0.21089, -0.11395],
							"lerp_mode": "catmullrom"
						},
						"0.3": {
							"post": [-2.02154, 2.06481, 6.88846],
							"lerp_mode": "catmullrom"
						},
						"0.4": {
							"post": [-3.99263, 5.23085, 0.98172],
							"lerp_mode": "catmullrom"
						},
						"0.5": {
							"post": [-3.9141, 4.8343, -7.94745],
							"lerp_mode": "catmullrom"
						},
						"0.6167": {
							"post": [-2.45606, 4.55221, -2.6303],
							"lerp_mode": "catmullrom"
						},
						"0.7333": {
							"post": [-0.71156, 5.22619, -0.93161],
							"lerp_mode": "catmullrom"
						},
						"0.8333": {
							"post": [-0.60166, 0.98933, 2.16877],
							"lerp_mode": "catmullrom"
						},
						"0.9333": {
							"post": [3.09577, 2.25257, 4.13337],
							"lerp_mode": "catmullrom"
						},
						"1.0667": {
							"post": [3.61138, 0.53926, 3.0431],
							"lerp_mode": "catmullrom"
						},
						"1.15": {
							"post": [2.24047, -0.84669, 3.49717],
							"lerp_mode": "catmullrom"
						},
						"1.2333": {
							"post": [1.0596, 0.06696, 0.21609],
							"lerp_mode": "catmullrom"
						},
						"1.35": {
							"post": [0, 0, 0],
							"lerp_mode": "catmullrom"
						}
					},
					"position": {
						"0.0": {
							"post": [0, 0, 0],
							"lerp_mode": "catmullrom"
						},
						"0.1": {
							"post": [0, -0.705, 0],
							"lerp_mode": "catmullrom"
						},
						"0.25": {
							"post": [0, -0.6775, 0],
							"lerp_mode": "catmullrom"
						},
						"0.3833": {
							"post": [0.09577, -0.15282, -0.11017],
							"lerp_mode": "catmullrom"
						},
						"0.4167": {
							"post": [0, -0.09, 1.2625],
							"lerp_mode": "catmullrom"
						},
						"0.65": {
							"post": [0, -0.4125, 1.275],
							"lerp_mode": "catmullrom"
						},
						"0.7833": {
							"post": [0, 0, -0.29],
							"lerp_mode": "catmullrom"
						},
						"0.8833": {
							"post": [0, -0.33, 0.2],
							"lerp_mode": "catmullrom"
						},
						"1.0167": {
							"post": [-0.18, -0.3925, 0.13],
							"lerp_mode": "catmullrom"
						},
						"1.15": {
							"post": [0.25, 0.0375, 0],
							"lerp_mode": "catmullrom"
						},
						"1.35": {
							"post": [0, 0, 0],
							"lerp_mode": "catmullrom"
						}
					}
				},
				"lefthand": {
					"rotation": [89.52779, -393.457, -128.79941],
					"position": [6.925, -14.05, -8.8375],
					"scale": [1, 1.5, 1]
				},
				"righthand": {
					"rotation": {
						"0.0": [115.88404, 15.6963, -174.73228],
						"0.1": [113.07489, 15.39086, -179.09331],
						"0.2167": [120.77691, -0.2986, -183.61129],
						"0.35": [120.77691, -0.2986, -183.61129],
						"0.4": [120.77691, -0.2986, -183.61129],
						"0.4667": [120.77691, -0.2986, -183.61129],
						"0.5333": [120.77691, -0.2986, -183.61129],
						"0.6167": [120.77691, -0.2986, -183.61129],
						"0.65": [120.77691, -0.2986, -183.61129],
						"0.7167": [120.77691, -0.2986, -183.61129],
						"0.7833": [120.77691, -0.2986, -183.61129],
						"0.8333": [112.2552, 3.84912, -183.97059],
						"0.9167": [112.2552, 3.84912, -183.97059],
						"1.1333": [115.88404, 15.6963, -174.73228]
					},
					"position": {
						"0.0": [-7.1625, -13.4625, 3.85],
						"0.1": [-8.58943, -13.94799, 0.6544],
						"0.2167": [-9.1237, -12.37857, 0.55553],
						"0.35": [-9.1237, -12.37857, 0.55553],
						"0.4": [-8.87878, -12.47186, 3.18603],
						"0.4667": [-8.87878, -12.47186, 3.18603],
						"0.5333": [-8.87878, -12.47186, 3.18603],
						"0.6167": [-9.01578, -13.11717, 4.42298],
						"0.65": [-8.9706, -12.13146, 4.3843],
						"0.7167": [-9.2133, -12.00037, 1.58351],
						"0.7833": [-9.2133, -12.00037, 1.58351],
						"0.8333": [-8.89014, -13.85264, 1.16826],
						"0.9167": [-8.89014, -13.85264, 1.16826],
						"1.0333": [-9.23895, -14.14202, 2.80096],
						"1.1333": [-7.1625, -13.4625, 3.85]
					},
					"scale": {
						"0.0": [1, 1.5, 1],
						"1.1333": [1, 1.5, 1]
					}
				},
				"shell_ejection": {
					"rotation": {
						"0.3667": [0, 0, 0],
						"0.4": [0, 0, 0],
						"0.45": [0, -135.42, 0],
						"0.65": [292.53118, 61.21457, 251.67282],
						"0.6667": [292.53, 61.21, 251.67],
						"0.6833": [0, 0, 0]
					},
					"position": {
						"0.35": [0, 0, 0],
						"0.4": [0, 0.0875, 2.29375],
						"0.45": {
							"pre": [-3.31895, 0.14924, 1.58815],
							"post": [-3.31895, 0.14924, 1.58815],
							"lerp_mode": "catmullrom"
						},
						"0.55": {
							"post": [-6.73416, -3.12363, 1.19593],
							"lerp_mode": "catmullrom"
						},
						"0.65": {
							"post": [-9.90191, -8.55279, 1.28615],
							"lerp_mode": "catmullrom"
						},
						"0.6667": {
							"post": [-9.9, -8.55, 1.29],
							"lerp_mode": "catmullrom"
						},
						"0.6833": {
							"post": [0, 0, 0],
							"lerp_mode": "catmullrom"
						}
					},
					"scale": {
						"0.0": [1, 1, 1],
						"0.65": [1, 1, 1],
						"0.6667": [0, 0, 0],
						"0.6833": [0, 0, 0],
						"0.7": [1, 1, 1]
					}
				},
				"mag_and_bullet": {
					"rotation": [0, 0, 0],
					"position": [0, 0, 0]
				},
				"constraint": {
					"rotation": {
						"0.0": [0, 0, 0],
						"0.1833": [0.5, 0.5, 0.5],
						"1.2": [0.5, 0.5, 0.5],
						"1.5": [0, 0, 0]
					},
					"position": {
						"0.0": [0, 0, 0],
						"0.1833": [0.5, 0.5, 0.3],
						"1.2": [0.5, 0.5, 0.3],
						"1.5": [0, 0, 0]
					}
				},
				"camera": {
					"rotation": {
						"0.0": {
							"post": [0, 0, 0],
							"lerp_mode": "catmullrom"
						},
						"0.1333": {
							"post": [0.3, 0.3, -0.5],
							"lerp_mode": "catmullrom"
						},
						"0.3": {
							"post": [-0.49965, 0.00447, 1.50492],
							"lerp_mode": "catmullrom"
						},
						"0.45": {
							"post": [0.48764, 0.00027, -1.47515],
							"lerp_mode": "catmullrom"
						},
						"0.5667": {
							"post": [0.27494, -0.03997, 0.21608],
							"lerp_mode": "catmullrom"
						},
						"0.6667": {
							"post": [0, 0, -1.5],
							"lerp_mode": "catmullrom"
						},
						"0.8167": {
							"post": [-0.33642, 0.11791, -0.20158],
							"lerp_mode": "catmullrom"
						},
						"0.9333": {
							"post": [-0.50411, 0.30229, -1.49942],
							"lerp_mode": "catmullrom"
						},
						"1.15": {
							"post": [0.2, -0.2, 0],
							"lerp_mode": "catmullrom"
						},
						"1.3": {
							"post": [-0.19552, -0.20284, 0.00109],
							"lerp_mode": "catmullrom"
						},
						"1.5": [0, 0, 0]
					}
				},
				"bullet_in_barrel": {
					"rotation": {
						"0.6333": [0, 0, 0],
						"0.6667": [-7.75, 0, 0],
						"0.7": [0, 0, 0],
						"0.7667": [0, 0, 0]
					},
					"position": {
						"0.6333": [0, -0.6875, 0],
						"0.6667": [0, -0.1408, 0.0118],
						"0.7667": [0, 0, 0]
					},
					"scale": {
						"0.6333": [0, 0, 0],
						"0.6667": [1, 1, 1],
						"0.7667": [1, 1, 1]
					}
				}
			},
			"sound_effects": {
				"0.1333": {
					"effect": "daffas_arsenal:ssg69/daffas_ssg69_shell"
				},
				"0.6333": {
					"effect": "daffas_arsenal:ssg69/daffas_ssg69_boltclose"
				}
			}
		},
		"reload_tactical": {
			"animation_length": 3.6,
			"bones": {
				"root": {
					"rotation": {
						"0.0": {
							"post": [0, 0, 0],
							"lerp_mode": "catmullrom"
						},
						"0.1": {
							"post": [2, 0, 0],
							"lerp_mode": "catmullrom"
						},
						"0.2": {
							"post": [-0.89053, 3.58413, 27.51633],
							"lerp_mode": "catmullrom"
						},
						"0.3": {
							"post": [-5, 6.75, 35],
							"lerp_mode": "catmullrom"
						},
						"0.4667": {
							"post": [-25.19646, 26.53687, 48.27267],
							"lerp_mode": "catmullrom"
						},
						"0.6667": {
							"post": [-35.56479, 31.90084, 50.75455],
							"lerp_mode": "catmullrom"
						},
						"0.8333": {
							"post": [-42.43208, 38.86576, 52.22173],
							"lerp_mode": "catmullrom"
						},
						"0.9": {
							"post": [-35.39977, 45.16906, 65.19583],
							"lerp_mode": "catmullrom"
						},
						"1.0": {
							"post": [-39.65686, 36.10898, 51.06791],
							"lerp_mode": "catmullrom"
						},
						"1.0667": {
							"post": [-30.93125, 37.31044, 54.92639],
							"lerp_mode": "catmullrom"
						},
						"1.2333": {
							"post": [-32.93709, 30.39496, 42.37326],
							"lerp_mode": "catmullrom"
						},
						"1.4333": {
							"post": [-24.07714, 31.4421, 45.01955],
							"lerp_mode": "catmullrom"
						},
						"1.6667": {
							"post": [-19.45295, 27.6213, 49.99726],
							"lerp_mode": "catmullrom"
						},
						"1.8": {
							"post": [-23.19499, 33.40389, 60.07854],
							"lerp_mode": "catmullrom"
						},
						"2.0": {
							"post": [-28.05146, 39.26383, 57.25588],
							"lerp_mode": "catmullrom"
						},
						"2.1": {
							"post": [-30.99652, 37.07621, 52.4572],
							"lerp_mode": "catmullrom"
						},
						"2.1667": {
							"post": [-28.05146, 39.26383, 57.25588],
							"lerp_mode": "catmullrom"
						},
						"2.3": {
							"post": [-30.44843, 35.23329, 49.19325],
							"lerp_mode": "catmullrom"
						},
						"2.4": {
							"post": [-26.08779, 39.79334, 60.42808],
							"lerp_mode": "catmullrom"
						},
						"2.5667": {
							"post": [-30.3973, 30.84309, 52.50378],
							"lerp_mode": "catmullrom"
						},
						"2.7667": {
							"post": [-12.27603, -0.63776, 39.75787],
							"lerp_mode": "catmullrom"
						},
						"2.9667": {
							"post": [2.5, 0, 0],
							"lerp_mode": "catmullrom"
						},
						"3.1667": {
							"post": [-1.25005, 0.49988, 2.48909],
							"lerp_mode": "catmullrom"
						},
						"3.3": {
							"post": [0.29683, 0.78118, 1.39834],
							"lerp_mode": "catmullrom"
						},
						"3.7": {
							"post": [0, 0, 0],
							"lerp_mode": "catmullrom"
						}
					},
					"position": {
						"0.0": {
							"post": [0, 0, 0],
							"lerp_mode": "catmullrom"
						},
						"0.1": {
							"post": [-0.4625, -0.63711, 0.02225],
							"lerp_mode": "catmullrom"
						},
						"0.3": {
							"post": [1.54142, -1.45442, 2],
							"lerp_mode": "catmullrom"
						},
						"0.4667": {
							"post": [2.675, -1.35, 0.7375],
							"lerp_mode": "catmullrom"
						},
						"0.6667": {
							"post": [2.5, -0.7625, 0.7375],
							"lerp_mode": "catmullrom"
						},
						"0.8333": {
							"post": [2.675, -0.4875, 0.7375],
							"lerp_mode": "catmullrom"
						},
						"0.9333": {
							"post": [3.89812, -0.61225, 0.94513],
							"lerp_mode": "catmullrom"
						},
						"1.0333": {
							"post": [4.17064, -0.71107, 0.86229],
							"lerp_mode": "catmullrom"
						},
						"1.1333": {
							"post": [4.02064, -0.71107, 0.86229],
							"lerp_mode": "catmullrom"
						},
						"1.4333": {
							"post": [3.44535, -1.73822, 0.65513],
							"lerp_mode": "catmullrom"
						},
						"1.6667": {
							"post": [3.1475, -1.74, 0.6575],
							"lerp_mode": "catmullrom"
						},
						"1.8": {
							"post": [3.06, -2.065, 0.6575],
							"lerp_mode": "catmullrom"
						},
						"2.0": {
							"post": [3.31, -1.5025, 0.6575],
							"lerp_mode": "catmullrom"
						},
						"2.1": {
							"post": [3.485, -1.5, 0.6575],
							"lerp_mode": "catmullrom"
						},
						"2.1667": {
							"post": [3.38, -1.8625, 0.6575],
							"lerp_mode": "catmullrom"
						},
						"2.2333": {
							"post": [3.31, -1.965, 0.6575],
							"lerp_mode": "catmullrom"
						},
						"2.3": {
							"post": [4.2725, -1.515, 0.6575],
							"lerp_mode": "catmullrom"
						},
						"2.3667": {
							"post": [4.76, -1.25, 0.6575],
							"lerp_mode": "catmullrom"
						},
						"2.5": {
							"post": [4.535, -1.25, 0.6575],
							"lerp_mode": "catmullrom"
						},
						"2.6667": {
							"post": [3.1975, -1.6375, 0.6575],
							"lerp_mode": "catmullrom"
						},
						"2.8333": {
							"post": [1.325, -0.025, 1.375],
							"lerp_mode": "catmullrom"
						},
						"2.9667": {
							"post": [0, -0.675, 0],
							"lerp_mode": "catmullrom"
						},
						"3.2667": {
							"post": [0, 0.1875, 0],
							"lerp_mode": "catmullrom"
						},
						"3.5333": {
							"post": [0, 0, 0],
							"lerp_mode": "catmullrom"
						}
					}
				},
				"lefthand": {
					"rotation": {
						"0.0": [89.52779, -393.457, -128.79941],
						"0.1": [97.5236, -396.22687, -137.44104],
						"0.3": [84.89441, -396.80924, -146.70768],
						"0.5333": [72.39441, -379.30924, -151.70768],
						"0.8333": [72.39441, -379.30924, -151.70768],
						"1.6667": [72.39441, -379.30924, -151.70768],
						"1.8": [72.39441, -379.30924, -151.70768],
						"2.0": [72.39441, -379.30924, -151.70768],
						"2.3": [72.39441, -379.30924, -151.70768],
						"2.6667": [72.39441, -379.30924, -151.70768],
						"2.8333": [82.6875, -392.66533, -143.69717],
						"2.9667": [89.52779, -393.457, -128.79941]
					},
					"position": {
						"0.0": [6.925, -14.05, -8.8375],
						"0.5333": [8.4425, -12.75, -10.84],
						"2.3": [8.4425, -12.75, -10.84],
						"2.6667": [8.4425, -12.75, -10.84],
						"2.9667": [6.925, -14.05, -8.8375]
					},
					"scale": {
						"0.0": [1, 1.5, 1],
						"2.9667": [1, 1.5, 1]
					}
				},
				"mag_and_bullet": {
					"rotation": {
						"0.0": [0, 0, 0],
						"0.6333": [0, 0, 0],
						"0.8": [0, 0, 0],
						"0.8667": [22.5, 0, 0],
						"1.0333": [22.48072, 0.95645, -2.30991],
						"1.6667": [22.48072, 0.95645, -2.30991],
						"1.7333": [22.48072, 0.95645, -2.30991],
						"1.8": [7.5, 0, 0],
						"1.8667": [0, 0, 0],
						"2.0": [0, 0, 0],
						"2.0667": [0, 0, 0],
						"2.2": [0, 0, 0],
						"2.4667": [0, 0, 0]
					},
					"position": {
						"0.0": [0, 0, 0],
						"0.6333": [0, 0, 0],
						"0.8": [0, 0, 0],
						"0.8667": [1.61594, -6.55388, 3.02183],
						"1.0333": [2.34604, -10.13387, 10.40075],
						"1.1333": [1.34548, -9.02016, 16.41172],
						"1.5333": [1.34548, -9.02016, 16.41172],
						"1.6333": [1.34548, -9.02016, 16.41172],
						"1.7333": [2.225, -8.73016, 6.54508],
						"1.8": [0, -6.63205, 1.08321],
						"1.8667": [0, -5, 0],
						"2.0": [0, 0, 0],
						"2.0667": [0, -1.25, 0],
						"2.2": [0, 0, 0],
						"2.4667": [0, 0, 0]
					}
				},
				"righthand": {
					"rotation": {
						"0.0": [115.88404, 15.6963, -174.73228],
						"0.5333": [104.59337, 17.77557, -186.21587],
						"0.7": [104.59337, 17.77557, -186.21587],
						"0.8": [124.04835, 23.62749, -182.10685],
						"0.8667": [92.7659, -5.59134, -178.41539],
						"1.0333": [83.41659, 2.95368, -174.19169],
						"1.6667": [103.2171, 1.04885, -160.97238],
						"1.8": [103.2171, 1.04885, -160.97238],
						"1.9": [103.2171, 1.04885, -160.97238],
						"2.0": [104.59337, 17.77557, -186.21587],
						"2.1": [108.29, 19.06, -178.54],
						"2.2333": [104.59337, 17.77557, -186.21587],
						"2.6": [104.59337, 17.77557, -186.21587],
						"2.9667": [115.88404, 15.6963, -174.73228]
					},
					"position": {
						"0.0": [-7.1625, -13.4625, 3.85],
						"0.3667": [-8.88, -14.38, 0.04],
						"0.5333": [-6.62964, -13.76553, -3.43214],
						"0.8": [-6.62964, -13.76553, -3.43214],
						"0.8667": [-5.62452, -20.4283, 0.34748],
						"1.0333": [-5.05941, -23.70846, 8.04341],
						"1.1333": [-6.82871, -21.68824, 12.01576],
						"1.5333": [-6.82871, -22.26324, 13.91576],
						"1.6667": [-5.53632, -22.55104, 11.14438],
						"1.7333": [-5.22037, -22.07319, 4.44752],
						"1.8": [-7.93135, -19.80517, -0.91096],
						"1.9": [-7.39252, -17.61075, -2.25579],
						"2.0": [-6.56436, -14.22473, -3.14482],
						"2.1": [-7.03356, -14.84846, -2.75867],
						"2.2333": [-6.54346, -14.18193, -3.16043],
						"2.6": [-6.89457, -13.79484, -3.67975],
						"2.7667": [-8.59, -15.57, 0.1325],
						"2.9667": [-7.1625, -13.4625, 3.85]
					},
					"scale": {
						"0.0": [1, 1.5, 1],
						"2.9667": [1, 1.5, 1]
					}
				},
				"l2": {
					"rotation": [0, 0, 0]
				},
				"l3": {
					"rotation": [0, 0, 0]
				},
				"constraint": {
					"rotation": {
						"0.0": [0.5, 0.5, 0.5],
						"3.2": [0.5, 0.5, 0.5],
						"3.6": [0, 0, 0]
					},
					"position": {
						"0.0": [0.5, 0.5, 0.5],
						"3.2": [0.5, 0.5, 0.5],
						"3.6": [0, 0, 0]
					}
				},
				"camera": {
					"rotation": {
						"0.0": {
							"post": [0, 0, 0],
							"lerp_mode": "catmullrom"
						},
						"0.1333": {
							"post": [0.25, -1, -0.75],
							"lerp_mode": "catmullrom"
						},
						"0.3667": {
							"post": [1, -0.5, 1.75],
							"lerp_mode": "catmullrom"
						},
						"0.6": {
							"post": [0.22, -0.09, -1.12],
							"lerp_mode": "catmullrom"
						},
						"0.7667": {
							"post": [1, 0.5, -0.25],
							"lerp_mode": "catmullrom"
						},
						"0.8333": {
							"post": [0.92, 0.22, 1.03],
							"lerp_mode": "catmullrom"
						},
						"0.9": {
							"post": [0.38, 0.99, -0.79],
							"lerp_mode": "catmullrom"
						},
						"1.0333": {
							"post": [-0.1, 1.97, 1.13],
							"lerp_mode": "catmullrom"
						},
						"1.2333": {
							"post": [0.85, 2.22, -0.57],
							"lerp_mode": "catmullrom"
						},
						"1.6333": {
							"post": [1.5, 1.5, -0.25],
							"lerp_mode": "catmullrom"
						},
						"1.9": {
							"post": [-0.5, 0.5, 0.25],
							"lerp_mode": "catmullrom"
						},
						"2.0667": {
							"post": [-1.25, 1.75, -0.25],
							"lerp_mode": "catmullrom"
						},
						"2.1667": {
							"post": [-1.72, 1.61, 1.02],
							"lerp_mode": "catmullrom"
						},
						"2.2667": {
							"post": [-2.34, 0.76, -0.24],
							"lerp_mode": "catmullrom"
						},
						"2.3333": {
							"post": [-2.5, 2.25, 1.25],
							"lerp_mode": "catmullrom"
						},
						"2.5667": {
							"post": [-2.1, 0.91, -0.5],
							"lerp_mode": "catmullrom"
						},
						"2.8333": {
							"post": [0.75, 1, 1.25],
							"lerp_mode": "catmullrom"
						},
						"3.0": {
							"post": [0.25, 0, 0],
							"lerp_mode": "catmullrom"
						},
						"3.1667": {
							"post": [-0.75, 0.25, -1],
							"lerp_mode": "catmullrom"
						},
						"3.4667": {
							"post": [-0.56, -0.17, 0.25],
							"lerp_mode": "catmullrom"
						},
						"3.6667": {
							"post": [0, 0, 0],
							"lerp_mode": "catmullrom"
						}
					}
				},
				"bullet": {
					"scale": {
						"1.2333": [0, 0, 0],
						"1.2667": [1, 1, 1]
					}
				}
			},
			"sound_effects": {
				"0.0": {
					"effect": "daffas_arsenal:ssg69/daffas_ssg69_raise"
				},
				"0.7667": {
					"effect": "daffas_arsenal:ssg69/daffas_ssg69_magout"
				},
				"1.0": {
					"effect": "daffas_arsenal:ssg69/daffas_ssg69_cloth1"
				},
				"1.3667": {
					"effect": "daffas_arsenal:ssg69/daffas_ssg69_cloth2"
				},
				"2.0": {
					"effect": "daffas_arsenal:ssg69/daffas_ssg69_magin1"
				},
				"2.1333": {
					"effect": "daffas_arsenal:ssg69/daffas_ssg69_magin2"
				},
				"2.5333": {
					"effect": "daffas_arsenal:ssg69/daffas_ssg69_end"
				}
			}
		},
		"reload_empty": {
			"animation_length": 4.4333,
			"bones": {
				"root": {
					"rotation": {
						"0.0": [0, 0, 0],
						"0.1": {
							"pre": [0, 0, 8.5],
							"post": [0, 0, 8.5],
							"lerp_mode": "catmullrom"
						},
						"0.1667": {
							"post": [-2.38136, 2.6087, 17.60934],
							"lerp_mode": "catmullrom"
						},
						"0.2333": {
							"post": [-3.88531, 5.57121, 12.20395],
							"lerp_mode": "catmullrom"
						},
						"0.3": {
							"post": [-5.62492, 9.51996, 11.51736],
							"lerp_mode": "catmullrom"
						},
						"0.4333": {
							"post": [-1.86646, 6.80296, 10.33187],
							"lerp_mode": "catmullrom"
						},
						"0.5333": {
							"post": [-0.89053, 3.58413, 27.51633],
							"lerp_mode": "catmullrom"
						},
						"0.6667": {
							"post": [-5, 6.75, 35],
							"lerp_mode": "catmullrom"
						},
						"0.8333": {
							"post": [-25.19646, 26.53687, 48.27267],
							"lerp_mode": "catmullrom"
						},
						"1.0": {
							"post": [-35.56479, 31.90084, 50.75455],
							"lerp_mode": "catmullrom"
						},
						"1.1667": {
							"post": [-42.43208, 38.86576, 52.22173],
							"lerp_mode": "catmullrom"
						},
						"1.2333": {
							"post": [-35.39977, 45.16906, 65.19583],
							"lerp_mode": "catmullrom"
						},
						"1.3333": {
							"post": [-39.65686, 36.10898, 51.06791],
							"lerp_mode": "catmullrom"
						},
						"1.4333": {
							"post": [-30.93125, 37.31044, 54.92639],
							"lerp_mode": "catmullrom"
						},
						"1.6": {
							"post": [-32.93709, 30.39496, 42.37326],
							"lerp_mode": "catmullrom"
						},
						"1.7667": {
							"post": [-24.07714, 31.4421, 45.01955],
							"lerp_mode": "catmullrom"
						},
						"2.0": {
							"post": [-19.45295, 27.6213, 49.99726],
							"lerp_mode": "catmullrom"
						},
						"2.1667": {
							"post": [-23.19499, 33.40389, 60.07854],
							"lerp_mode": "catmullrom"
						},
						"2.3667": {
							"post": [-28.05146, 39.26383, 57.25588],
							"lerp_mode": "catmullrom"
						},
						"2.4333": {
							"post": [-30.99652, 37.07621, 52.4572],
							"lerp_mode": "catmullrom"
						},
						"2.5333": {
							"post": [-28.05146, 39.26383, 57.25588],
							"lerp_mode": "catmullrom"
						},
						"2.6333": {
							"post": [-30.44843, 35.23329, 49.19325],
							"lerp_mode": "catmullrom"
						},
						"2.7333": {
							"post": [-26.08779, 39.79334, 60.42808],
							"lerp_mode": "catmullrom"
						},
						"2.8333": {
							"post": [-28.67, 34.42, 55.67],
							"lerp_mode": "catmullrom"
						},
						"2.9667": {
							"post": [-18.53679, 13.51082, 47.37531],
							"lerp_mode": "catmullrom"
						},
						"3.1": {
							"post": [-10.70119, 4.60154, 37.16317],
							"lerp_mode": "catmullrom"
						},
						"3.2": {
							"post": [-0.17681, 4.5063, 19.51599],
							"lerp_mode": "catmullrom"
						},
						"3.3": {
							"post": [5.57697, 1.55911, 27.8366],
							"lerp_mode": "catmullrom"
						},
						"3.4": {
							"post": [7.0893, 1.584, 13.73483],
							"lerp_mode": "catmullrom"
						},
						"3.6": {
							"post": [0, 0, 0],
							"lerp_mode": "catmullrom"
						},
						"3.7": {
							"post": [-1.25005, 0.49988, 2.48909],
							"lerp_mode": "catmullrom"
						},
						"3.8667": {
							"post": [0.29683, 0.78118, 1.39834],
							"lerp_mode": "catmullrom"
						},
						"4.2333": [0, 0, 0]
					},
					"position": {
						"0.0": [0, 0, 0],
						"0.1": {
							"pre": [0.225, 0.325, 0],
							"post": [0.225, 0.325, 0],
							"lerp_mode": "catmullrom"
						},
						"0.3": {
							"post": [-0.4625, -0.63711, 0.68475],
							"lerp_mode": "catmullrom"
						},
						"0.6667": {
							"post": [1.54142, -1.45442, 0.6625],
							"lerp_mode": "catmullrom"
						},
						"0.8333": {
							"post": [2.675, -1.35, 1.3375],
							"lerp_mode": "catmullrom"
						},
						"1.0": {
							"post": [2.5, -0.7625, 1.3375],
							"lerp_mode": "catmullrom"
						},
						"1.1667": {
							"post": [2.675, -0.4875, 1.3375],
							"lerp_mode": "catmullrom"
						},
						"1.2667": {
							"post": [3.89812, -0.61225, 1.54513],
							"lerp_mode": "catmullrom"
						},
						"1.3667": {
							"post": [4.17064, -0.71107, 1.46229],
							"lerp_mode": "catmullrom"
						},
						"1.4667": {
							"post": [4.02064, -0.71107, 1.46229],
							"lerp_mode": "catmullrom"
						},
						"1.7667": {
							"post": [3.44535, -1.73822, 1.25513],
							"lerp_mode": "catmullrom"
						},
						"2.0": {
							"post": [3.1475, -1.74, 1.2575],
							"lerp_mode": "catmullrom"
						},
						"2.1667": {
							"post": [3.06, -2.065, 1.2575],
							"lerp_mode": "catmullrom"
						},
						"2.3667": {
							"post": [3.31, -1.5025, 1.2575],
							"lerp_mode": "catmullrom"
						},
						"2.4333": {
							"post": [3.485, -1.5, 1.2575],
							"lerp_mode": "catmullrom"
						},
						"2.5333": {
							"post": [3.38, -1.8625, 1.2575],
							"lerp_mode": "catmullrom"
						},
						"2.5667": {
							"post": [3.31, -1.965, 1.2575],
							"lerp_mode": "catmullrom"
						},
						"2.6333": {
							"post": [4.2725, -1.515, 1.2575],
							"lerp_mode": "catmullrom"
						},
						"2.7333": {
							"post": [4.76, -1.25, 1.2575],
							"lerp_mode": "catmullrom"
						},
						"2.8333": {
							"post": [4.535, -1.25, 1.2575],
							"lerp_mode": "catmullrom"
						},
						"2.9667": {
							"post": [2.53, -1.25, -1.4175],
							"lerp_mode": "catmullrom"
						},
						"3.1": {
							"post": [1.8675, -2.725, -3.005],
							"lerp_mode": "catmullrom"
						},
						"3.2": {
							"post": [1.075, -2.725, -4.4375],
							"lerp_mode": "catmullrom"
						},
						"3.3": {
							"post": [0.67, -2.2825, -3.995],
							"lerp_mode": "catmullrom"
						},
						"3.6": {
							"post": [0, 0, 0],
							"lerp_mode": "catmullrom"
						},
						"3.8": {
							"post": [0, 0.1875, 0],
							"lerp_mode": "catmullrom"
						},
						"4.0667": {
							"post": [0, 0, 0],
							"lerp_mode": "catmullrom"
						},
						"4.2333": [0, 0, 0]
					}
				},
				"lefthand": {
					"rotation": {
						"0.0": [89.52779, -393.457, -128.79941],
						"0.3333": [89.52779, -393.457, -128.79941],
						"0.6667": [82.39441, -396.80924, -146.70768],
						"0.8667": [72.39441, -379.30924, -151.70768],
						"2.8333": [72.39441, -379.30924, -151.70768],
						"2.9667": [70.03343, -381.66213, -150.80568],
						"3.2": [85.24448, -380.09404, -151.40856],
						"3.3": [84.96128, -387.56677, -150.70913],
						"3.4": [86.48, -389.53, -143.41],
						"3.6": [89.52779, -393.457, -128.79941],
						"4.2333": [89.52779, -393.457, -128.79941]
					},
					"position": {
						"0.0": [6.925, -14.05, -8.8375],
						"0.3333": [6.925, -14.05, -8.8375],
						"0.8667": [8.515, -12.9525, -10.75],
						"2.8333": [8.515, -12.9525, -10.75],
						"3.3": [6.925, -14.05, -8.8375],
						"3.4": [6.93, -14.05, -8.84],
						"3.6": [6.925, -14.05, -8.8375],
						"4.2333": [6.925, -14.05, -8.8375]
					},
					"scale": {
						"0.0": [1, 1.5, 1],
						"0.3333": [1, 1.5, 1],
						"3.6": [1, 1.5, 1],
						"4.2333": [1, 1.5, 1]
					}
				},
				"mag_and_bullet": {
					"rotation": {
						"0.0": [0, 0, 0],
						"0.1": [0, 0, 0],
						"0.3333": [0, 0, 0],
						"1.0": [0, 0, 0],
						"1.1667": [0, 0, 0],
						"1.2333": [22.5, 0, 0],
						"1.4": [22.48072, 0.95645, -2.30991],
						"2.1": [22.48072, 0.95645, -2.30991],
						"2.1667": [7.5, 0, 0],
						"2.2333": [0, 0, 0],
						"2.3667": [0, 0, 0],
						"2.4333": [0, 0, 0],
						"2.5667": [0, 0, 0],
						"2.8333": [0, 0, 0],
						"3.3": [0, 0, 0],
						"4.2333": [0, 0, 0]
					},
					"position": {
						"0.0": [0, 0, 0],
						"0.1": [0, 0, 0],
						"0.3333": [0, 0, 0],
						"1.0": [0, 0, 0],
						"1.1667": [0, 0, 0],
						"1.2333": [1.61594, -6.55388, 3.02183],
						"1.4": [2.34604, -10.13387, 10.40075],
						"1.5": [1.34548, -9.02016, 16.41172],
						"2.0": [1.34548, -9.02016, 16.41172],
						"2.1": [2.225, -8.73016, 6.54508],
						"2.1667": [0, -6.63205, 1.08321],
						"2.2333": [0, -5, 0],
						"2.3667": [0, 0, 0],
						"2.4333": [0, -1.25, 0],
						"2.5667": [0, 0, 0],
						"2.8333": [0, 0, 0],
						"3.3": [0, 0, 0],
						"4.2333": [0, 0, 0]
					}
				},
				"righthand": {
					"rotation": {
						"0.0": [115.88404, 15.6963, -174.73228],
						"0.1": [113.07489, 15.39086, -179.09331],
						"0.2333": [120.77691, -0.2986, -183.61129],
						"0.3667": [120.77691, -0.2986, -183.61129],
						"0.4667": [120.77691, -0.2986, -183.61129],
						"0.6667": [120.77691, -0.2986, -183.61129],
						"0.8": [92.77305, 17.69779, -176.63162],
						"0.9": [104.59337, 17.77557, -186.21587],
						"1.0667": [104.59337, 17.77557, -186.21587],
						"1.1667": [124.04835, 23.62749, -182.10685],
						"1.2333": [92.7659, -5.59134, -178.41539],
						"1.4": [83.41659, 2.95368, -174.19169],
						"2.0333": [103.2171, 1.04885, -160.97238],
						"2.1667": [103.2171, 1.04885, -160.97238],
						"2.2667": [103.2171, 1.04885, -160.97238],
						"2.3667": [104.59337, 17.77557, -186.21587],
						"2.4667": [108.29, 19.06, -178.54],
						"2.6": [104.59337, 17.77557, -186.21587],
						"2.8667": [104.59337, 17.77557, -186.21587],
						"3.0": [132.57873, -6.21526, -174.72947],
						"3.0667": [132.57873, -6.21526, -174.72947],
						"3.1333": [135.83917, 2.24523, -168.47049],
						"3.2333": [130.57489, 42.89086, -176.59331],
						"3.3": [115.88404, 15.6963, -174.73228],
						"4.2333": [115.88404, 15.6963, -174.73228]
					},
					"position": {
						"0.0": [-7.1625, -13.4625, 3.85],
						"0.1": [-8.58943, -13.94799, 0.6544],
						"0.2333": [-9.1237, -12.37857, 0.55553],
						"0.3667": [-9.27106, -11.51989, 0.47441],
						"0.4667": [-9.29692, -11.45119, 4.72037],
						"0.6667": [-9.29692, -11.45119, 4.72037],
						"0.8": [-9.4, -13.91, -1.16],
						"0.9": [-6.62964, -13.76553, -3.43214],
						"1.1667": [-6.62964, -13.76553, -3.43214],
						"1.2333": [-5.62452, -20.4283, 0.34748],
						"1.4": [-5.05941, -23.70846, 8.04341],
						"1.5": [-6.82871, -21.68824, 12.01576],
						"1.9": [-6.82871, -22.26324, 13.91576],
						"2.0333": [-5.53632, -22.55104, 11.14438],
						"2.1": [-5.22037, -22.07319, 4.44752],
						"2.1667": [-7.93135, -19.80517, -0.91096],
						"2.2667": [-7.39252, -17.61075, -2.25579],
						"2.3667": [-6.56436, -14.22473, -3.14482],
						"2.4667": [-7.03356, -14.84846, -2.75867],
						"2.6": [-6.54346, -14.18193, -3.16043],
						"2.8667": [-6.54346, -14.18193, -3.16043],
						"3.0": [-9.6975, -8.8025, 5.015],
						"3.0667": [-9.6975, -8.8025, 5.015],
						"3.1333": [-9.6975, -8.9025, 1.09],
						"3.2333": [-8.885, -13.5525, 0.19],
						"3.3": [-7.1625, -13.4625, 3.85],
						"4.2333": [-7.1625, -13.4625, 3.85]
					},
					"scale": {
						"0.0": [1, 1.5, 1],
						"0.3333": [1, 1.5, 1],
						"2.8667": [1, 1.5, 1],
						"3.3": [1, 1.5, 1],
						"4.2333": [1, 1.5, 1]
					}
				},
				"constraint": {
					"rotation": {
						"0.0": [0.5, 0.5, 0.5],
						"3.7667": [0.5, 0.5, 0.5],
						"4.1667": [0, 0, 0]
					},
					"position": {
						"0.0": [0.5, 0.5, 0.5],
						"3.7667": [0.5, 0.5, 0.5],
						"4.1667": [0, 0, 0]
					}
				},
				"bullet": {
					"scale": {
						"0.0": [0, 0, 0],
						"2.0": [0, 0, 0],
						"2.0333": [1, 1, 1]
					}
				},
				"m95_bolt": {
					"position": {
						"0.0": [0, 0, 0],
						"0.3667": [0, 0, 0],
						"0.4667": [0, 0, 4],
						"3.0667": [0, 0, 4],
						"3.1333": [0, 0, 0],
						"4.2333": [0, 0, 0]
					}
				},
				"bullet_in_barrel": {
					"rotation": {
						"3.0667": [0, 0, 0],
						"3.1": [-7.75, 0, 0],
						"3.1333": [0, 0, 0]
					},
					"position": {
						"3.0667": [0, -0.6875, 0],
						"3.1": [0, -0.1408, 0.0118]
					},
					"scale": {
						"0.0": [0, 0, 0],
						"2.7": [0, 0, 0],
						"3.0667": [0, 0, 0],
						"3.1": [1, 1, 1],
						"4.2333": [1, 1, 1]
					}
				},
				"rotate": {
					"rotation": {
						"0.0": [0, 0, 0],
						"0.1": [0, 0, 0],
						"0.2333": [0, 0, 87.5],
						"3.1333": [0, 0, 87.5],
						"3.2333": [0, 0, 0],
						"4.2333": [0, 0, 0]
					}
				},
				"bullet_in_mag": {
					"scale": 0
				},
				"shell_ejection": {
					"scale": 0
				},
				"camera": {
					"rotation": {
						"0.0": {
							"post": [0, 0, 0],
							"lerp_mode": "catmullrom"
						},
						"0.1333": {
							"post": [0.5, -0.25, -0.75],
							"lerp_mode": "catmullrom"
						},
						"0.2667": {
							"post": [0.75, -0.25, 1.75],
							"lerp_mode": "catmullrom"
						},
						"0.5": {
							"post": [0.22, -0.09, -1.12],
							"lerp_mode": "catmullrom"
						},
						"0.6667": {
							"post": [-0.75, -0.25, -0.75],
							"lerp_mode": "catmullrom"
						},
						"0.8667": {
							"post": [-1.5, 0.5, 1.25],
							"lerp_mode": "catmullrom"
						},
						"1.0667": {
							"post": [1, -0.5, -0.25],
							"lerp_mode": "catmullrom"
						},
						"1.1333": {
							"post": [0.92, -0.03, 1.03],
							"lerp_mode": "catmullrom"
						},
						"1.2333": {
							"post": [0.38, 0.49, -0.79],
							"lerp_mode": "catmullrom"
						},
						"1.3333": {
							"post": [-0.1, 0.72, 1.13],
							"lerp_mode": "catmullrom"
						},
						"1.5667": {
							"post": [0.85, 1.72, -0.57],
							"lerp_mode": "catmullrom"
						},
						"1.9667": {
							"post": [1.5, 1, -0.25],
							"lerp_mode": "catmullrom"
						},
						"2.2333": {
							"post": [-0.5, 0, 0.25],
							"lerp_mode": "catmullrom"
						},
						"2.4": {
							"post": [-1.25, 1.25, -0.25],
							"lerp_mode": "catmullrom"
						},
						"2.5": {
							"post": [-1.72, 1.11, 1.02],
							"lerp_mode": "catmullrom"
						},
						"2.6": {
							"post": [-2.34, 0.26, -0.24],
							"lerp_mode": "catmullrom"
						},
						"2.7": {
							"post": [-2.5, 1.75, 1.25],
							"lerp_mode": "catmullrom"
						},
						"2.8333": {
							"post": [-2.1, 0.41, -0.5],
							"lerp_mode": "catmullrom"
						},
						"3.1": {
							"post": [-1.25, 1, -0.25],
							"lerp_mode": "catmullrom"
						},
						"3.2": {
							"post": [-0.85, -0.4, 0.59],
							"lerp_mode": "catmullrom"
						},
						"3.2667": {
							"post": [0, -0.25, 0.5],
							"lerp_mode": "catmullrom"
						},
						"3.3667": {
							"post": [0.75, 1, 0],
							"lerp_mode": "catmullrom"
						},
						"3.7333": {
							"post": [-0.75, 0.25, -1],
							"lerp_mode": "catmullrom"
						},
						"3.9667": {
							"post": [-0.56, -0.17, 0.25],
							"lerp_mode": "catmullrom"
						},
						"4.2333": {
							"post": [0, 0, 0],
							"lerp_mode": "catmullrom"
						}
					}
				}
			},
			"sound_effects": {
				"0.0": {
					"effect": "daffas_arsenal:ssg69/daffas_ssg69_boltopen"
				},
				"0.3667": {
					"effect": "daffas_arsenal:ssg69/daffas_ssg69_raise"
				},
				"1.0667": {
					"effect": "daffas_arsenal:ssg69/daffas_ssg69_magout"
				},
				"1.3": {
					"effect": "daffas_arsenal:ssg69/daffas_ssg69_cloth1"
				},
				"1.8": {
					"effect": "daffas_arsenal:ssg69/daffas_ssg69_cloth2"
				},
				"2.3": {
					"effect": "daffas_arsenal:ssg69/daffas_ssg69_magin1"
				},
				"2.4333": {
					"effect": "daffas_arsenal:ssg69/daffas_ssg69_magin2"
				},
				"3.0": {
					"effect": "daffas_arsenal:ssg69/daffas_ssg69_boltclose"
				},
				"3.4": {
					"effect": "daffas_arsenal:ssg69/daffas_ssg69_end"
				}
			}
		},
		"walk_aiming": {
			"loop": true,
			"animation_length": 1,
			"bones": {
				"root": {
					"rotation": {
						"0.0": {
							"post": [0, 1, 5],
							"lerp_mode": "catmullrom"
						},
						"0.0833": {
							"post": [-0.5, 0.87, 3.5],
							"lerp_mode": "catmullrom"
						},
						"0.1667": {
							"post": [-0.87, 0.5, 2.4],
							"lerp_mode": "catmullrom"
						},
						"0.25": {
							"post": [-1, 0, 2],
							"lerp_mode": "catmullrom"
						},
						"0.3333": {
							"post": [-0.87, -0.5, 2.4],
							"lerp_mode": "catmullrom"
						},
						"0.4167": {
							"post": [-0.5, -0.87, 3.5],
							"lerp_mode": "catmullrom"
						},
						"0.5": {
							"post": [0, -1, 5],
							"lerp_mode": "catmullrom"
						},
						"0.5833": {
							"post": [0.5, -0.87, 6.5],
							"lerp_mode": "catmullrom"
						},
						"0.6667": {
							"post": [0.87, -0.5, 7.6],
							"lerp_mode": "catmullrom"
						},
						"0.75": {
							"post": [1, 0, 8],
							"lerp_mode": "catmullrom"
						},
						"0.8333": {
							"post": [0.87, 0.5, 7.6],
							"lerp_mode": "catmullrom"
						},
						"0.9167": {
							"post": [0.5, 0.87, 6.5],
							"lerp_mode": "catmullrom"
						},
						"1.0": {
							"post": [0, 1, 5],
							"lerp_mode": "catmullrom"
						}
					},
					"position": {
						"0.0": {
							"post": [0, 0, 0],
							"lerp_mode": "catmullrom"
						},
						"0.0833": {
							"post": [0.25, 0.22, -0.25],
							"lerp_mode": "catmullrom"
						},
						"0.1667": {
							"post": [0.43, 0.22, -0.43],
							"lerp_mode": "catmullrom"
						},
						"0.25": {
							"post": [0.5, 0, -0.5],
							"lerp_mode": "catmullrom"
						},
						"0.3333": {
							"post": [0.43, -0.22, -0.43],
							"lerp_mode": "catmullrom"
						},
						"0.4167": {
							"post": [0.25, -0.22, -0.25],
							"lerp_mode": "catmullrom"
						},
						"0.5": {
							"post": [0, 0, 0],
							"lerp_mode": "catmullrom"
						},
						"0.5833": {
							"post": [-0.25, 0.22, 0.25],
							"lerp_mode": "catmullrom"
						},
						"0.6667": {
							"post": [-0.43, 0.22, 0.43],
							"lerp_mode": "catmullrom"
						},
						"0.75": {
							"post": [-0.5, 0, 0.5],
							"lerp_mode": "catmullrom"
						},
						"0.8333": {
							"post": [-0.43, -0.22, 0.43],
							"lerp_mode": "catmullrom"
						},
						"0.9167": {
							"post": [-0.25, -0.22, 0.25],
							"lerp_mode": "catmullrom"
						},
						"1.0": {
							"post": [0, 0, 0],
							"lerp_mode": "catmullrom"
						}
					}
				},
				"constraint": {
					"rotation": [0.1, 0.1, 0.1],
					"position": [0.1, 0.1, 0.1]
				}
			}
		},
		"run_start": {
			"animation_length": 0.5417,
			"bones": {
				"root": {
					"rotation": {
						"0.0": [0, 0, 0],
						"0.0625": [0, -4.75, 6.5],
						"0.1458": {
							"pre": [5.16, -29.945, 0.125],
							"post": [5.16, -29.945, 0.125],
							"lerp_mode": "catmullrom"
						},
						"0.2917": {
							"post": [-6.91, -67.5, 0.25],
							"lerp_mode": "catmullrom"
						},
						"0.4167": {
							"post": [-4.31, -69.31, 0.25],
							"lerp_mode": "catmullrom"
						},
						"0.5417": [-4.31, -64.36, 0.25]
					},
					"position": {
						"0.0": [0, 0, 0],
						"0.0625": [0.275, -0.375, 0],
						"0.1458": {
							"pre": [1.77, -0.61, 0.02],
							"post": [1.77, -0.61, 0.02],
							"lerp_mode": "catmullrom"
						},
						"0.2917": {
							"post": [5.05, -1.92, -2.47],
							"lerp_mode": "catmullrom"
						},
						"0.4167": {
							"post": [4.55, -2.79, -2.47],
							"lerp_mode": "catmullrom"
						},
						"0.5417": [3.55, -1.06, -2.47]
					}
				},
				"camera": {
					"rotation": {
						"0.0": {
							"post": [0, 0, 0],
							"lerp_mode": "catmullrom"
						},
						"0.1875": {
							"post": [0.1, -0.1, -0.2],
							"lerp_mode": "catmullrom"
						},
						"0.2708": {
							"post": [-0.1, 0, -0.34],
							"lerp_mode": "catmullrom"
						},
						"0.3542": {
							"post": [0.1, 0, 0.34],
							"lerp_mode": "catmullrom"
						},
						"0.4583": {
							"post": [-0.05, 0, -0.1],
							"lerp_mode": "catmullrom"
						},
						"0.5417": [0, 0, 0]
					}
				}
			}
		},
		"idle": {
			"loop": true,
			"animation_length": 8,
			"bones": {
				"root": {
					"rotation": {
						"0.0": {
							"post": [0, 0, 0],
							"lerp_mode": "catmullrom"
						},
						"1.1": {
							"post": [-0.4, -0.36, -0.18],
							"lerp_mode": "catmullrom"
						},
						"2.1": {
							"post": [0.36, -0.46, -0.2],
							"lerp_mode": "catmullrom"
						},
						"3.1": {
							"post": [-0.08, -0.22, 0.06],
							"lerp_mode": "catmullrom"
						},
						"4.2": {
							"post": [-0.42, 0.42, 0.48],
							"lerp_mode": "catmullrom"
						},
						"5.2": {
							"post": [-0.42, -0.44, 0.42],
							"lerp_mode": "catmullrom"
						},
						"6.3": {
							"post": [-0.38, -0.28, 0.26],
							"lerp_mode": "catmullrom"
						},
						"7.3": {
							"post": [-0.22, -0.44, 0.48],
							"lerp_mode": "catmullrom"
						},
						"8.0": {
							"post": [0, 0, 0],
							"lerp_mode": "catmullrom"
						}
					},
					"position": {
						"0.0": {
							"post": [0, 0, 0],
							"lerp_mode": "catmullrom"
						},
						"0.9": {
							"post": [0.04, -0.04, 0],
							"lerp_mode": "catmullrom"
						},
						"1.8": {
							"post": [0.08, 0, 0],
							"lerp_mode": "catmullrom"
						},
						"2.6": {
							"post": [0.04, -0.08, 0],
							"lerp_mode": "catmullrom"
						},
						"3.5": {
							"post": [0, 0.04, 0],
							"lerp_mode": "catmullrom"
						},
						"4.5": {
							"post": [0.04, 0.08, 0],
							"lerp_mode": "catmullrom"
						},
						"5.4": {
							"post": [0.04, -0.08, 0],
							"lerp_mode": "catmullrom"
						},
						"6.2": {
							"post": [-0.04, 0, 0],
							"lerp_mode": "catmullrom"
						},
						"7.1": {
							"post": [-0.04, -0.04, 0],
							"lerp_mode": "catmullrom"
						},
						"8.0": {
							"post": [0, 0, 0],
							"lerp_mode": "catmullrom"
						}
					}
				}
			}
		},
		"run_hold": {
			"loop": "hold_on_last_frame",
			"animation_length": 1000,
			"bones": {
				"root": {
					"rotation": {
						"0.0": {
							"post": [-9.91, -57.6, 0.25],
							"lerp_mode": "catmullrom"
						},
						"0.1458": {
							"post": [-32.64032, -36.80342, 28.92548],
							"lerp_mode": "catmullrom"
						},
						"0.3333": {
							"post": [-26.08818, -41.42904, 16.62026],
							"lerp_mode": "catmullrom"
						},
						"0.6042": {
							"post": [-32.4102, -43.9082, 16.12958],
							"lerp_mode": "catmullrom"
						},
						"0.9583": {
							"post": [-30.44293, -45.15087, 21.22298],
							"lerp_mode": "catmullrom"
						},
						"1.25": {
							"post": [-28.26863, -45.87837, 21.77616],
							"lerp_mode": "catmullrom"
						},
						"1000.0": [-9.91, -57.6, 0.25]
					},
					"position": {
						"0.0": {
							"post": [4.05, -1.93, -2.47],
							"lerp_mode": "catmullrom"
						},
						"0.0625": {
							"post": [3.37, -3.625, -2.47],
							"lerp_mode": "catmullrom"
						},
						"0.1667": {
							"post": [3.65, -1.23, -2.47],
							"lerp_mode": "catmullrom"
						},
						"0.3333": {
							"post": [3.2, -0.005, -2.47],
							"lerp_mode": "catmullrom"
						},
						"0.6042": {
							"post": [2.8, 0.075, -2.47],
							"lerp_mode": "catmullrom"
						},
						"1.25": {
							"post": [2.6, -0.905, -2.47],
							"lerp_mode": "catmullrom"
						},
						"1000.0": [4.05, -1.93, 0.03]
					}
				},
				"camera": {
					"rotation": {
						"0.0": {
							"post": [0, 0, 0],
							"lerp_mode": "catmullrom"
						},
						"0.0625": {
							"post": [0.38, 0, -0.09],
							"lerp_mode": "catmullrom"
						},
						"0.125": {
							"post": [-0.05, 0, -0.76],
							"lerp_mode": "catmullrom"
						},
						"0.2292": {
							"post": [-0.27, 0, -0.26],
							"lerp_mode": "catmullrom"
						},
						"0.3125": {
							"post": [-0.14, 0, -0.1],
							"lerp_mode": "catmullrom"
						},
						"0.4792": {
							"post": [0, 0, 0],
							"lerp_mode": "catmullrom"
						},
						"1000.0": [0, 0, 0]
					}
				}
			}
		},
		"run": {
			"animation_length": 1,
			"bones": {
				"root": {
					"rotation": {
						"0.0": [-5.41, -60.74, 0.25],
						"0.0625": [-6.91, -57.6, 0.25],
						"0.1458": [-8.41, -55.79, 0.25],
						"0.2292": [-9.51, -55.79, 0.25],
						"0.3333": [-9.91, -57.6, 0.25],
						"0.3958": [-9.68, -59.89, 0.25],
						"0.5": [-8.41, -64.36, 0.25],
						"0.5625": [-6.91, -67.5, 0.25],
						"0.625": [-5.41, -69.31, 0.25],
						"0.6875": [-4.31, -69.31, 0.25],
						"0.7708": [-3.91, -67.5, 0.25],
						"0.875": [-4.31, -64.36, 0.25],
						"1.0": [-5.41, -60.74, 0.25]
					},
					"position": {
						"0.0": [3.18, -1.06, -2.47],
						"0.0625": [3.05, -1.92, -2.47],
						"0.1458": [3.18, -2.79, -2.47],
						"0.2292": [3.55, -2.79, -2.47],
						"0.3333": [4.05, -1.93, -2.47],
						"0.3958": [4.43, -1.22, -2.47],
						"0.5": [4.92, -1.06, -2.47],
						"0.5625": [5.05, -1.92, -2.47],
						"0.625": [4.92, -2.79, -2.47],
						"0.6875": [4.55, -2.79, -2.47],
						"0.7708": [4.05, -1.93, -2.47],
						"0.875": [3.55, -1.06, -2.47],
						"1.0": [3.18, -1.06, -2.47]
					}
				}
			}
		},
		"shoot": {
			"animation_length": 1.0208,
			"bones": {
				"root": {
					"rotation": {
						"0.0": {
							"post": [0, 0, 0],
							"lerp_mode": "catmullrom"
						},
						"0.0208": {
							"post": [-3.06, 3.35, -1.5],
							"lerp_mode": "catmullrom"
						},
						"0.125": {
							"post": [-2.16346, 6.19551, 3.9921],
							"lerp_mode": "catmullrom"
						},
						"0.2813": {
							"post": [1.25, 3.35, -2.66],
							"lerp_mode": "catmullrom"
						},
						"0.4167": {
							"post": [3.21255, 2.17716, -0.49992],
							"lerp_mode": "catmullrom"
						},
						"0.5938": {
							"post": [2, 1.25, 0],
							"lerp_mode": "catmullrom"
						},
						"0.9063": [0, 0, 0]
					},
					"position": {
						"0.0": {
							"post": [0, 0, 0],
							"lerp_mode": "catmullrom"
						},
						"0.0208": {
							"post": [0, -0.28, 3.475],
							"lerp_mode": "catmullrom"
						},
						"0.125": {
							"post": [0, 0.3, 2.25],
							"lerp_mode": "catmullrom"
						},
						"0.2813": {
							"post": [-0.11, 0.07, 1.12],
							"lerp_mode": "catmullrom"
						},
						"0.4167": {
							"post": [-0.2, -0.325, 0.4125],
							"lerp_mode": "catmullrom"
						},
						"0.5938": {
							"post": [0.075, -0.125, 0],
							"lerp_mode": "catmullrom"
						},
						"0.9063": [0, 0, 0]
					}
				},
				"m95_barrel": {
					"position": {
						"0.0": [0, 0, 0],
						"0.0625": [0, 0, 6],
						"0.1354": [0, 0, 0],
						"0.1979": [0, 0, 0.55],
						"0.2708": [0, 0, 0]
					}
				},
				"constraint": {
					"rotation": {
						"0.0": [0.8, 0.5, 0],
						"1.0": [0, 0, 0]
					},
					"position": {
						"0.0": [0.25, 0.25, 0.25],
						"1.0": [0, 0, 0]
					}
				},
				"lefthand": {
					"rotation": {
						"0.0": {
							"post": [0, 0, 0],
							"lerp_mode": "catmullrom"
						},
						"0.0417": {
							"post": [0, -10, 0],
							"lerp_mode": "catmullrom"
						},
						"0.1667": {
							"post": [0, 0, 0],
							"lerp_mode": "catmullrom"
						},
						"0.2708": {
							"post": [0, 0, 0],
							"lerp_mode": "catmullrom"
						}
					}
				},
				"camera": {
					"rotation": {
						"0.0": {
							"post": [0, 0, 0],
							"lerp_mode": "catmullrom"
						},
						"0.0104": {
							"post": [0.73, -0.37, -1.78],
							"lerp_mode": "catmullrom"
						},
						"0.0208": {
							"post": [0.97, -0.51, 1.04],
							"lerp_mode": "catmullrom"
						},
						"0.0417": {
							"post": [1.25, 0.75, -0.5],
							"lerp_mode": "catmullrom"
						},
						"0.125": {
							"post": [0.33, 0.84, 0.26],
							"lerp_mode": "catmullrom"
						},
						"0.2188": {
							"post": [-0.5, 0.75, -1],
							"lerp_mode": "catmullrom"
						},
						"0.4479": {
							"post": [0.75, -0.25, 0.5],
							"lerp_mode": "catmullrom"
						},
						"0.6146": {
							"post": [0.75, -0.5, -0.5],
							"lerp_mode": "catmullrom"
						},
						"0.8229": {
							"post": [0.25, -0.36, -0.39],
							"lerp_mode": "catmullrom"
						},
						"1.0208": {
							"post": [0, 0, 0],
							"lerp_mode": "catmullrom"
						}
					}
				},
				"muzzle_smoke1": {
					"position": {
						"0.0": [0, 0, -12],
						"0.0208": {
							"pre": [0, 0, -12],
							"post": [0, 0, 0]
						}
					},
					"scale": {
						"0.0": [150, 150, 150],
						"0.0208": {
							"pre": [150, 150, 150],
							"post": [1, 1, 1]
						}
					}
				},
				"muzzle_smoke2": {
					"position": {
						"0.0208": [0, 0, -12],
						"0.0417": {
							"pre": [0, 0, -12],
							"post": [0, 0, 0]
						}
					},
					"scale": {
						"0.0": [1, 1, 1],
						"0.0208": {
							"pre": [1, 1, 1],
							"post": [150, 150, 150]
						},
						"0.0313": {
							"pre": [150, 150, 150],
							"post": [1, 1, 1]
						}
					}
				},
				"muzzle_smoke3": {
					"position": {
						"0.0313": [0, 0, -12],
						"0.0521": {
							"pre": [0, 0, -12],
							"post": [0, 0, 0]
						}
					},
					"scale": {
						"0.0208": [1, 1, 1],
						"0.0313": {
							"pre": [1, 1, 1],
							"post": [150, 150, 150]
						},
						"0.0521": {
							"pre": [150, 150, 150],
							"post": [1, 1, 1]
						}
					}
				},
				"muzzle_smoke4": {
					"position": {
						"0.0521": [0, 0, -12],
						"0.0729": {
							"pre": [0, 0, -12],
							"post": [0, 0, 0]
						}
					},
					"scale": {
						"0.0313": [1, 1, 1],
						"0.0521": {
							"pre": [1, 1, 1],
							"post": [150, 150, 150]
						},
						"0.0625": {
							"pre": [150, 150, 150],
							"post": [1, 1, 1]
						}
					}
				},
				"muzzle_smoke5": {
					"position": {
						"0.0625": [0, 0, -12],
						"0.0833": {
							"pre": [0, 0, -12],
							"post": [0, 0, 0]
						}
					},
					"scale": {
						"0.0521": [1, 1, 1],
						"0.0625": {
							"pre": [1, 1, 1],
							"post": [150, 150, 150]
						},
						"0.0833": {
							"pre": [150, 150, 150],
							"post": [1, 1, 1]
						}
					}
				},
				"muzzle_smoke6": {
					"position": {
						"0.0833": [0, 0, -12],
						"0.1042": {
							"pre": [0, 0, -12],
							"post": [0, 0, 0]
						}
					},
					"scale": {
						"0.0625": [1, 1, 1],
						"0.0833": {
							"pre": [1, 1, 1],
							"post": [150, 150, 150]
						},
						"0.1042": {
							"pre": [150, 150, 150],
							"post": [1, 1, 1]
						}
					}
				},
				"muzzle_smoke7": {
					"position": {
						"0.1042": [0, 0, -12],
						"0.125": {
							"pre": [0, 0, -12],
							"post": [0, 0, 0]
						}
					},
					"scale": {
						"0.0833": [1, 1, 1],
						"0.1042": {
							"pre": [1, 1, 1],
							"post": [150, 150, 150]
						},
						"0.1146": {
							"pre": [150, 150, 150],
							"post": [1, 1, 1]
						}
					}
				},
				"muzzle_smoke8": {
					"position": {
						"0.1146": [0, 0, -12],
						"0.1354": {
							"pre": [0, 0, -12],
							"post": [0, 0, 0]
						}
					},
					"scale": {
						"0.1042": [1, 1, 1],
						"0.1146": {
							"pre": [1, 1, 1],
							"post": [150, 150, 150]
						},
						"0.1354": {
							"pre": [150, 150, 150],
							"post": [1, 1, 1]
						}
					}
				},
				"muzzle_smoke9": {
					"position": {
						"0.1354": [0, 0, -12],
						"0.1563": {
							"pre": [0, 0, -12],
							"post": [0, 0, 0]
						}
					},
					"scale": {
						"0.1146": [1, 1, 1],
						"0.1354": {
							"pre": [1, 1, 1],
							"post": [150, 150, 150]
						},
						"0.1458": {
							"pre": [150, 150, 150],
							"post": [1, 1, 1]
						}
					}
				},
				"muzzle_smoke10": {
					"position": {
						"0.1458": [0, 0, -12],
						"0.1667": {
							"pre": [0, 0, -12],
							"post": [0, 0, 0]
						}
					},
					"scale": {
						"0.1354": [1, 1, 1],
						"0.1458": {
							"pre": [1, 1, 1],
							"post": [150, 150, 150]
						},
						"0.1667": {
							"pre": [150, 150, 150],
							"post": [1, 1, 1]
						}
					}
				}
			}
		},
		"walk_backward": {
			"loop": true,
			"animation_length": 1,
			"bones": {
				"root": {
					"rotation": {
						"0.0": {
							"post": [0, -1, -1],
							"lerp_mode": "catmullrom"
						},
						"0.0833": {
							"post": [-0.71, -1.29, -3.12],
							"lerp_mode": "catmullrom"
						},
						"0.1667": {
							"post": [-0.92, -1.65, -3.76],
							"lerp_mode": "catmullrom"
						},
						"0.25": {
							"post": [-1, -2, -4],
							"lerp_mode": "catmullrom"
						},
						"0.3333": {
							"post": [-0.94, -2.34, -3.81],
							"lerp_mode": "catmullrom"
						},
						"0.4167": {
							"post": [-0.5, -2.87, -2.5],
							"lerp_mode": "catmullrom"
						},
						"0.5": {
							"post": [0, -3, -1],
							"lerp_mode": "catmullrom"
						},
						"0.5833": {
							"post": [0.5, -2.87, 0.5],
							"lerp_mode": "catmullrom"
						},
						"0.6667": {
							"post": [0.87, -2.5, 1.6],
							"lerp_mode": "catmullrom"
						},
						"0.75": {
							"post": [1, -2, 2],
							"lerp_mode": "catmullrom"
						},
						"0.8333": {
							"post": [0.87, -1.5, 1.6],
							"lerp_mode": "catmullrom"
						},
						"0.9167": {
							"post": [0.5, -1.13, 0.5],
							"lerp_mode": "catmullrom"
						},
						"1.0": {
							"post": [0, -1, -1],
							"lerp_mode": "catmullrom"
						}
					},
					"position": {
						"0.0": {
							"post": [-0.3, -0.35, 0.65],
							"lerp_mode": "catmullrom"
						},
						"0.0833": {
							"post": [-0.65, -0.1, 1],
							"lerp_mode": "catmullrom"
						},
						"0.1667": {
							"post": [-0.76, -0.19, 1.11],
							"lerp_mode": "catmullrom"
						},
						"0.25": {
							"post": [-0.8, -0.35, 1.15],
							"lerp_mode": "catmullrom"
						},
						"0.3333": {
							"post": [-0.77, -0.51, 1.12],
							"lerp_mode": "catmullrom"
						},
						"0.4167": {
							"post": [-0.55, -0.57, 0.9],
							"lerp_mode": "catmullrom"
						},
						"0.5": {
							"post": [-0.3, -0.35, 0.65],
							"lerp_mode": "catmullrom"
						},
						"0.5833": {
							"post": [-0.05, -0.13, 0.4],
							"lerp_mode": "catmullrom"
						},
						"0.6667": {
							"post": [0.13, -0.13, 0.22],
							"lerp_mode": "catmullrom"
						},
						"0.75": {
							"post": [0.2, -0.35, 0.15],
							"lerp_mode": "catmullrom"
						},
						"0.8333": {
							"post": [0.13, -0.57, 0.22],
							"lerp_mode": "catmullrom"
						},
						"0.9167": {
							"post": [-0.05, -0.57, 0.4],
							"lerp_mode": "catmullrom"
						},
						"1.0": {
							"post": [-0.3, -0.35, 0.65],
							"lerp_mode": "catmullrom"
						}
					}
				}
			}
		},
		"walk_sideway": {
			"loop": true,
			"animation_length": 1,
			"bones": {
				"root": {
					"rotation": {
						"0.0": [0.14, -1.72, 6.06],
						"0.0417": [0.41, -1.79, 5.75],
						"0.0833": [0.61, -1.86, 5.57],
						"0.125": [0.9, -2.13, 5.89],
						"0.1667": [0.99, -2.23, 6.05],
						"0.2083": [0.93, -1.94, 5.35],
						"0.25": [0.78, -1.5, 4.32],
						"0.2917": [0.57, -1.21, 3.52],
						"0.3333": [0.4, -1.2, 3.25],
						"0.375": [0.17, -1.28, 3.04],
						"0.4167": [-0.06, -1.4, 2.93],
						"0.4583": [-0.27, -1.5, 2.95],
						"0.5": [-0.41, -1.54, 3.13],
						"0.5417": [-0.46, -1.52, 3.49],
						"0.5833": [-0.47, -1.45, 4.03],
						"0.625": [-0.44, -1.37, 4.66],
						"0.6667": [-0.41, -1.28, 5.32],
						"0.7083": [-0.38, -1.22, 5.89],
						"0.75": [-0.37, -1.19, 6.31],
						"0.7917": [-0.46, -1.25, 6.77],
						"0.8333": [-0.58, -1.38, 6.93],
						"0.875": [-0.54, -1.51, 6.89],
						"0.9167": [-0.38, -1.58, 6.72],
						"0.9583": [-0.14, -1.65, 6.41],
						"1.0": [0.14, -1.72, 6.06]
					},
					"position": {
						"0.0": [1.15, -0.24, -0.51],
						"0.0417": [1.11, -0.33, -0.52],
						"0.0833": [1.07, -0.44, -0.53],
						"0.125": [1.02, -0.56, -0.54],
						"0.1667": [0.98, -0.64, -0.53],
						"0.2083": [0.91, -0.76, -0.46],
						"0.25": [0.84, -0.85, -0.38],
						"0.2917": [0.74, -0.87, -0.29],
						"0.3333": [0.63, -0.82, -0.22],
						"0.375": [0.5, -0.73, -0.14],
						"0.4167": [0.37, -0.63, -0.06],
						"0.4583": [0.27, -0.54, -0.01],
						"0.5": [0.23, -0.5, 0],
						"0.5417": [0.27, -0.53, -0.03],
						"0.5833": [0.35, -0.59, -0.08],
						"0.625": [0.47, -0.68, -0.16],
						"0.6667": [0.59, -0.76, -0.25],
						"0.7083": [0.71, -0.82, -0.34],
						"0.75": [0.8, -0.84, -0.41],
						"0.7917": [0.9, -0.73, -0.58],
						"0.8333": [0.97, -0.53, -0.74],
						"0.875": [1.03, -0.36, -0.82],
						"0.9167": [1.12, -0.21, -0.7],
						"0.9583": [1.16, -0.18, -0.53],
						"1.0": [1.15, -0.24, -0.51]
					}
				}
			}
		},
		"melee_stock": {
			"animation_length": 1,
			"bones": {
				"root": {
					"rotation": {
						"0.0": [0, 0, 0],
						"0.0833": [5, -59, 12],
						"0.125": [5, -115.5, 15],
						"0.1875": [5, -133, 15],
						"0.2708": [5, -162, 29],
						"0.5208": [5, -197, 29],
						"0.5417": [5.49833, -16.86191, 12.87131],
						"0.5625": [18.19, -15.2, 11.42],
						"0.7083": {
							"pre": [2.01, -3.58, 1.27],
							"post": [2.01, -3.58, 1.27],
							"lerp_mode": "catmullrom"
						},
						"0.8125": {
							"post": [-1.35267, -1.1649, -0.83425],
							"lerp_mode": "catmullrom"
						},
						"1.0": [0, 0, 0]
					},
					"position": {
						"0.0": [0, 0, 0],
						"0.0833": [0, 0, -3],
						"0.125": [3, 0, -3],
						"0.1875": [11.325, -2.625, -3],
						"0.2708": [11.405, -5.37, -3],
						"0.375": [20.41, -15.37, 6],
						"0.5208": [20.41, -18.545, 11.725],
						"0.5417": [0.925, -24.475, 4.4],
						"0.5625": [0.84, -3.98, 3.93],
						"0.7083": {
							"pre": [0.27, -0.5, 0.68],
							"post": [0.27, -0.5, 0.68],
							"lerp_mode": "catmullrom"
						},
						"0.8125": {
							"post": [0.15, 0.225, 0],
							"lerp_mode": "catmullrom"
						},
						"1.0": [0, 0, 0]
					}
				},
				"righthand": {
					"rotation": {
						"0.0": [115.88404, 15.6963, -174.73228],
						"0.125": [118.10168, -158.15424, -168.65324],
						"0.2708": [118.1, -145, -168.65],
						"0.5208": [118.10168, 26.84576, -168.65324],
						"0.5417": [115.88404, 15.6963, -174.73228],
						"1.0": [115.88404, 15.6963, -174.73228]
					},
					"position": {
						"0.0": [-7.1625, -13.7125, 3.85],
						"0.125": [-4.61, -12.59, 4.59],
						"0.5208": [-6.7125, -12.5875, 4.5875],
						"0.5417": [-7.1625, -13.7125, 3.85],
						"1.0": [-7.1625, -13.7125, 3.85]
					}
				},
				"camera": {
					"rotation": {
						"0.0": {
							"post": [0, 0, 0],
							"lerp_mode": "catmullrom"
						},
						"0.1042": {
							"post": [0.15, -0.75, 1.5],
							"lerp_mode": "catmullrom"
						},
						"0.1667": {
							"post": [0.57, -4.62, 2.05],
							"lerp_mode": "catmullrom"
						},
						"0.25": {
							"post": [1.3, -3.025, -1.5],
							"lerp_mode": "catmullrom"
						},
						"0.4375": {
							"post": [2.55, -4.345, -0.225],
							"lerp_mode": "catmullrom"
						},
						"0.7292": {
							"post": [1.225, -0.65, 0.925],
							"lerp_mode": "catmullrom"
						},
						"1.0": [0, 0, 0]
					}
				}
			}
		},
		"walk_forward": {
			"loop": true,
			"animation_length": 1,
			"bones": {
				"root": {
					"rotation": {
						"0.0": [0.14, -1.22, 6.06],
						"0.0417": [0.41, -1.15489, 5.4998],
						"0.0833": [0.61, -1.09, 5.07],
						"0.125": [0.9, -0.995, 5.205],
						"0.1667": [0.99, -0.73, 5.18],
						"0.2083": [0.93, 0.0596, 4.41505],
						"0.25": [0.78, 1, 3.32],
						"0.2917": [0.57, 1.7904, 2.58505],
						"0.3333": [0.4, 2.3, 2.38],
						"0.375": [0.17, 2.585, 2.355],
						"0.4167": [-0.06, 2.83, 2.43],
						"0.4583": [-0.27, 2.86489, 2.6998],
						"0.5": [-0.41, 2.96, 3.13],
						"0.5417": [-0.46, 2.84489, 3.7402],
						"0.5833": [-0.47, 2.78, 4.53],
						"0.625": [-0.44, 2.495, 5.345],
						"0.6667": [-0.41, 2.22, 6.19],
						"0.7083": [-0.38, 1.7804, 6.82495],
						"0.75": [-0.37, 1.31, 7.31],
						"0.7917": [-0.46, 0.7496, 7.70495],
						"0.8333": [-0.58, 0.12, 7.8],
						"0.875": [-0.54, -0.375, 7.575],
						"0.9167": [-0.38, -0.81, 7.22],
						"0.9583": [-0.14, -1.01489, 6.6602],
						"1.0": [0.14, -1.22, 6.06]
					},
					"position": {
						"0.0": [0.65, -0.24, -0.51],
						"0.0417": [0.61, -0.33, -0.52],
						"0.0833": [0.57, -0.44, -0.53],
						"0.125": [0.52, -0.56, -0.54],
						"0.1667": [0.48, -0.64, -0.53],
						"0.2083": [0.41, -0.76, -0.46],
						"0.25": [0.34, -0.85, -0.38],
						"0.2917": [0.24, -0.87, -0.29],
						"0.3333": [0.13, -0.82, -0.22],
						"0.375": [0, -0.73, -0.14],
						"0.4167": [-0.13, -0.63, -0.06],
						"0.4583": [-0.23, -0.54, -0.01],
						"0.5": [-0.27, -0.5, 0],
						"0.5417": [-0.23, -0.53, -0.03],
						"0.5833": [-0.15, -0.59, -0.08],
						"0.625": [-0.03, -0.68, -0.16],
						"0.6667": [0.09, -0.76, -0.25],
						"0.7083": [0.21, -0.82, -0.34],
						"0.75": [0.3, -0.84, -0.41],
						"0.7917": [0.4, -0.73, -0.58],
						"0.8333": [0.47, -0.53, -0.74],
						"0.875": [0.53, -0.36, -0.82],
						"0.9167": [0.62, -0.21, -0.7],
						"0.9583": [0.66, -0.18, -0.53],
						"1.0": [0.65, -0.24, -0.51]
					}
				}
			}
		},
		"aim_start": {
			"animation_length": 1,
			"bones": {
				"root": {
					"rotation": {
						"0.0": [0, 0, 0],
						"0.0938": {
							"pre": [0, 0, -10.5],
							"post": [0, 0, -10.5],
							"lerp_mode": "catmullrom"
						},
						"0.1771": {
							"post": [0, 0, -21.5],
							"lerp_mode": "catmullrom"
						},
						"0.3125": {
							"post": [0, 0, 1],
							"lerp_mode": "catmullrom"
						},
						"0.4479": {
							"post": [0, 0, -1],
							"lerp_mode": "catmullrom"
						},
						"0.6146": {
							"post": [0, 0, 0],
							"lerp_mode": "catmullrom"
						}
					},
					"position": {
						"0.0": [0, 0, 0],
						"0.0938": {
							"pre": [0.675, -0.75, 0],
							"post": [0.675, -0.75, 0],
							"lerp_mode": "catmullrom"
						},
						"0.1771": {
							"post": [0.695, -0.47, 0],
							"lerp_mode": "catmullrom"
						},
						"0.3125": {
							"post": [-0.075, 0, 0],
							"lerp_mode": "catmullrom"
						},
						"0.4479": {
							"post": [0.06, 0.01, 0],
							"lerp_mode": "catmullrom"
						}
					}
				},
				"constraint": {
					"rotation": {
						"0.0": [0, 0, 0],
						"0.5": [0.25, 0.25, 0.25],
						"1.0": [0.1, 0.1, 0.1]
					},
					"position": {
						"0.0": [0, 0, 0],
						"0.5": [0.1, 0.1, 0.1],
						"1.0": [0, 0, 0]
					}
				}
			},
			"sound_effects": {
				"0.0104": {
					"effect": "daffas_arsenal:all/aim"
				}
			}
		},
		"aim_loop": {
			"animation_length": 10,
			"bones": {
				"root": {
					"position": {
						"0.0": {
							"post": [0, 0, 0],
							"lerp_mode": "catmullrom"
						},
						"0.3": {
							"post": [0.01, -0.01, 0],
							"lerp_mode": "catmullrom"
						},
						"0.7": {
							"post": [-0.01, -0.02, 0],
							"lerp_mode": "catmullrom"
						},
						"1.0": {
							"post": [0.02, 0.02, 0],
							"lerp_mode": "catmullrom"
						},
						"1.3": {
							"post": [-0.01, 0, 0],
							"lerp_mode": "catmullrom"
						},
						"1.7": {
							"post": [0.02, -0.01, 0],
							"lerp_mode": "catmullrom"
						},
						"2.0": {
							"post": [-0.02, 0.01, 0],
							"lerp_mode": "catmullrom"
						},
						"2.3": {
							"post": [-0.01, 0, 0],
							"lerp_mode": "catmullrom"
						},
						"2.7": {
							"post": [0.02, 0, 0],
							"lerp_mode": "catmullrom"
						},
						"3.0": {
							"post": [0.02, -0.02, 0],
							"lerp_mode": "catmullrom"
						},
						"3.3": {
							"post": [-0.01, 0.01, 0],
							"lerp_mode": "catmullrom"
						},
						"3.7": {
							"post": [-0.01, -0.01, 0],
							"lerp_mode": "catmullrom"
						},
						"4.0": {
							"post": [0.01, -0.01, 0],
							"lerp_mode": "catmullrom"
						},
						"4.3": {
							"post": [0, -0.01, 0],
							"lerp_mode": "catmullrom"
						},
						"4.7": {
							"post": [-0.02, 0.02, 0],
							"lerp_mode": "catmullrom"
						},
						"5.0": {
							"post": [0.01, 0.02, 0],
							"lerp_mode": "catmullrom"
						},
						"5.3": {
							"post": [0.01, -0.02, 0],
							"lerp_mode": "catmullrom"
						},
						"5.7": {
							"post": [-0.02, -0.01, 0],
							"lerp_mode": "catmullrom"
						},
						"6.0": {
							"post": [-0.01, 0.01, 0],
							"lerp_mode": "catmullrom"
						},
						"6.3": {
							"post": [-0.02, -0.01, 0],
							"lerp_mode": "catmullrom"
						},
						"6.7": {
							"post": [0, 0, 0],
							"lerp_mode": "catmullrom"
						},
						"7.0": {
							"post": [-0.01, 0.02, 0],
							"lerp_mode": "catmullrom"
						},
						"7.3": {
							"post": [0.02, 0.02, 0],
							"lerp_mode": "catmullrom"
						},
						"7.7": {
							"post": [0.01, 0.02, 0],
							"lerp_mode": "catmullrom"
						},
						"8.0": {
							"post": [0.01, 0.02, 0],
							"lerp_mode": "catmullrom"
						},
						"8.3": {
							"post": [-0.01, -0.02, 0],
							"lerp_mode": "catmullrom"
						},
						"8.7": {
							"post": [0, -0.02, 0],
							"lerp_mode": "catmullrom"
						},
						"9.0": {
							"post": [0, -0.01, 0],
							"lerp_mode": "catmullrom"
						},
						"9.3": {
							"post": [0.02, 0.01, 0],
							"lerp_mode": "catmullrom"
						},
						"9.7": {
							"post": [0.01, 0.02, 0],
							"lerp_mode": "catmullrom"
						},
						"10.0": {
							"post": [0, 0, 0],
							"lerp_mode": "catmullrom"
						}
					}
				}
			}
		},
		"aim_end": {
			"animation_length": 1,
			"bones": {
				"root": {
					"rotation": {
						"0.0": {
							"post": [0, 0, 0],
							"lerp_mode": "catmullrom"
						},
						"0.0667": {
							"post": [0, 0, 14.5],
							"lerp_mode": "catmullrom"
						},
						"0.2": {
							"post": [0, 0, 12.5],
							"lerp_mode": "catmullrom"
						},
						"0.3667": {
							"post": [0, 0, -1],
							"lerp_mode": "catmullrom"
						},
						"0.6": {
							"post": [0, 0, 0],
							"lerp_mode": "catmullrom"
						}
					},
					"position": {
						"0.0": {
							"post": [0, 0, 0],
							"lerp_mode": "catmullrom"
						},
						"0.1333": {
							"post": [0.075, -1.275, 0],
							"lerp_mode": "catmullrom"
						},
						"0.3667": {
							"post": [0, 0, 0],
							"lerp_mode": "catmullrom"
						}
					}
				},
				"constraint": {
					"rotation": {
						"0.0": [0, 0, 0],
						"0.2667": [0.25, 0.25, 0.25],
						"0.5333": [0.1, 0.1, 0.1]
					},
					"position": {
						"0.0": [0, 0, 0],
						"0.2667": [0.1, 0.1, 0.1],
						"0.5333": [0, 0, 0]
					}
				}
			},
			"sound_effects": {
				"0.0333": {
					"effect": "daffas_arsenal:all/unaim"
				}
			}
		},
		"slide": {
			"loop": true,
			"animation_length": 0.75,
			"bones": {
				"constraint": {
					"rotation": [0.01, 0.01, 0.01],
					"position": [0.01, 0.01, 0.01]
				},
				"root": {
					"rotation": {
						"0.0": [0, 0, 0.01],
						"0.1333": {
							"pre": [-0.51, 0.67, 7.74],
							"post": [-0.51, 0.67, 7.74],
							"lerp_mode": "catmullrom"
						},
						"0.2833": [1.06, 0.24, 13.77],
						"0.3833": [0, 0, 12.94]
					},
					"position": {
						"0.0": [0, 0, 0],
						"0.1167": {
							"pre": [-0.595, -0.375, -0.5625],
							"post": [-0.595, -0.375, -0.5625],
							"lerp_mode": "catmullrom"
						},
						"0.1833": [-0.695, -0.6525, -0.7],
						"0.35": [-0.5, -0.5625, -0.75]
					}
				}
			}
		},
		"slide_idle": {
			"loop": true,
			"animation_length": 0.9333,
			"bones": {
				"constraint": {
					"rotation": [0.01, 0.01, 0.01],
					"position": [0.01, 0.01, 0.01]
				},
				"root": {
					"rotation": [0, 0, 12.94],
					"position": [-0.5, -0.5625, -0.75]
				},
				"camera": {
					"rotation": {
						"0.0": {
							"post": [0, 0, 0],
							"lerp_mode": "catmullrom"
						}
					}
				}
			}
		},
		"slide_back": {
			"loop": true,
			"animation_length": 0.85,
			"bones": {
				"constraint": {
					"rotation": {
						"0.0": [0.01, 0.01, 0.01],
						"0.15": [0.001, 0.001, 0.001]
					},
					"position": [0.01, 0.01, 0.01]
				},
				"root": {
					"rotation": {
						"0.0": [0, 0, 12.94],
						"0.0833": {
							"pre": [-2.65, 0.08, 13.6375],
							"post": [-2.65, 0.08, 13.6375],
							"lerp_mode": "catmullrom"
						},
						"0.1833": {
							"post": [-2.75, -3.1875, 5.25],
							"lerp_mode": "catmullrom"
						},
						"0.3333": [0, -0.6575, -1.62],
						"0.4333": [0, 0, 0]
					},
					"position": {
						"0.0": [-0.5, -0.5625, -0.75],
						"0.0833": {
							"pre": [-0.3075, -0.4375, -0.625],
							"post": [-0.3075, -0.4375, -0.625],
							"lerp_mode": "catmullrom"
						},
						"0.1667": {
							"post": [-0.1575, -0.6175, -0.3125],
							"lerp_mode": "catmullrom"
						},
						"0.3": [0.005, -0.0625, 0.0625],
						"0.3833": [0, 0, 0]
					}
				}
			}
		},
		"run_end": {
			"animation_length": 0.6875,
			"bones": {
				"root": {
					"rotation": {
						"0.0": [-4.31, -64.36, 0.25],
						"0.1667": {
							"pre": [0.22212, -6.13569, -3.38188],
							"post": [0.22212, -6.13569, -3.38188],
							"lerp_mode": "catmullrom"
						},
						"0.3125": {
							"post": [1.48748, 1.52283, 4.35661],
							"lerp_mode": "catmullrom"
						},
						"0.5": {
							"post": [-1.04055, -0.88127, 0.63309],
							"lerp_mode": "catmullrom"
						},
						"0.6875": [0, 0, 0]
					},
					"position": {
						"0.0": [3.55, -1.06, -2.47],
						"0.2292": {
							"pre": [0.5875, -0.2375, 1.2125],
							"post": [0.5875, -0.2375, 1.2125],
							"lerp_mode": "catmullrom"
						},
						"0.375": {
							"post": [0, -0.2, 0.425],
							"lerp_mode": "catmullrom"
						},
						"0.6875": [0, 0, 0]
					}
				},
				"camera": {
					"rotation": {
						"0.0": {
							"post": [0, 0, 0],
							"lerp_mode": "catmullrom"
						},
						"0.2083": {
							"post": [0.1, 0.1, 0.2],
							"lerp_mode": "catmullrom"
						},
						"0.2917": {
							"post": [-0.1, 0, 0.34],
							"lerp_mode": "catmullrom"
						},
						"0.4167": {
							"post": [0.1, 0, -0.34],
							"lerp_mode": "catmullrom"
						},
						"0.5208": {
							"post": [-0.05, 0, 0.1],
							"lerp_mode": "catmullrom"
						},
						"0.625": [0, 0, 0]
					}
				}
			}
		}
	}
}