{
	"format_version": "1.12.0",
	"minecraft:geometry": [
		{
			"description": {
				"identifier": "geometry.sight_coyote - Converted",
				"texture_width": 128,
				"texture_height": 128,
				"visible_bounds_width": 67,
				"visible_bounds_height": 6,
				"visible_bounds_offset": [0, 0, 0]
			},
			"bones": [
				{
					"name": "ocular",
					"pivot": [0, 1.20198, -0.05638],
					"cubes": [
						{
							"origin": [-0.52889, 0.70096, -0.71561],
							"size": [1.05778, 1.00205, 0.01846],
							"uv": {
								"south": {"uv": [37, 8], "uv_size": [5, 5]}
							}
						}
					]
				},
				{
					"name": "scope_body",
					"pivot": [0, 0.79047, -0.83337],
					"cubes": [
						{
							"origin": [0.70962, -0.00297, -1.8721],
							"size": [0.07357, 0.75639, 1.7056],
							"inflate": 0.002,
							"uv": {
								"east": {"uv": [35, 0], "uv_size": [8, 4]},
								"west": {"uv": [35, 14], "uv_size": [8, 4]},
								"down": {"uv": [48, 43], "uv_size": [1, -8]}
							}
						},
						{
							"origin": [-0.63281, -0.00446, -4.59469],
							"size": [0.50625, 0.50625, 0.25313],
							"uv": {
								"north": {"uv": [19, 50], "uv_size": [2, 2]},
								"east": {"uv": [55, 2], "uv_size": [1, 2]},
								"west": {"uv": [55, 24], "uv_size": [1, 2]},
								"down": {"uv": [54, 39], "uv_size": [3, -1]}
							}
						},
						{
							"origin": [-0.63431, 0.50029, -4.59618],
							"size": [0.50924, 0.36116, 0.25611],
							"inflate": -0.002,
							"pivot": [-0.12656, 0.50179, -4.59469],
							"rotation": [-45, 0, 0],
							"uv": {
								"north": {"uv": [53, 48], "uv_size": [2, 2]},
								"east": {"uv": [57, 2], "uv_size": [1, 2]},
								"west": {"uv": [57, 7], "uv_size": [1, 2]}
							}
						},
						{
							"origin": [-0.45223, 1.69477, -1.5557],
							"size": [0.90446, 0.12357, 1.3892],
							"inflate": 0.002,
							"uv": {
								"north": {"uv": [52, 42], "uv_size": [4, 1]},
								"south": {"uv": [53, 51], "uv_size": [4, 1]},
								"up": {"uv": [18, 39], "uv_size": [4, 7]},
								"down": {"uv": [23, 46], "uv_size": [4, -7]}
							}
						},
						{
							"origin": [0.32726, 1.56671, -1.55719],
							"size": [0.12657, 0.25313, 1.39219],
							"pivot": [0.45383, 1.81984, -0.92438],
							"rotation": [0, 0, -45],
							"uv": {
								"north": {"uv": [25, 20], "uv_size": [1, 1]},
								"east": {"uv": [28, 49], "uv_size": [7, 1]},
								"south": {"uv": [18, 37], "uv_size": [1, 1]},
								"west": {"uv": [49, 46], "uv_size": [7, 1]}
							}
						},
						{
							"origin": [0.50774, 0.75641, -1.5557],
							"size": [0.12358, 0.88295, 1.26264],
							"inflate": 0.002,
							"uv": {
								"north": {"uv": [34, 53], "uv_size": [1, 4]},
								"east": {"uv": [28, 39], "uv_size": [6, 4]},
								"west": {"uv": [41, 35], "uv_size": [6, 4]}
							}
						},
						{
							"origin": [0.50625, 0.62835, -1.55719],
							"size": [0.12656, 0.96188, 0.25313],
							"pivot": [0.56953, 1.59023, -1.55719],
							"rotation": [-16, 0, 0],
							"uv": {
								"north": {"uv": [8, 31], "uv_size": [1, 5]},
								"east": {"uv": [26, 51], "uv_size": [1, 5]},
								"west": {"uv": [28, 51], "uv_size": [1, 5]}
							}
						},
						{
							"origin": [-0.52049, 1.8979, -1.62047],
							"size": [1.04098, 0.07657, 1.45547],
							"uv": {
								"north": {"uv": [51, 12], "uv_size": [5, 1]},
								"south": {"uv": [30, 51], "uv_size": [5, 1]},
								"up": {"uv": [29, 0], "uv_size": [5, 7]},
								"down": {"uv": [14, 36], "uv_size": [5, -7]}
							}
						},
						{
							"origin": [0.53063, 1.63782, -1.61898],
							"size": [0.07358, 0.37037, 1.45248],
							"inflate": 0.002,
							"pivot": [0.6057, 1.88945, -0.92438],
							"rotation": [0, 0, -45],
							"uv": {
								"north": {"uv": [57, 24], "uv_size": [1, 2]},
								"east": {"uv": [42, 27], "uv_size": [7, 2]},
								"south": {"uv": [57, 53], "uv_size": [1, 2]},
								"west": {"uv": [43, 8], "uv_size": [7, 2]}
							}
						},
						{
							"origin": [0.70962, 0.75641, -1.61898],
							"size": [0.07357, 0.95256, 1.32592],
							"inflate": 0.002,
							"uv": {
								"north": {"uv": [36, 51], "uv_size": [1, 5]},
								"east": {"uv": [29, 8], "uv_size": [7, 5]},
								"west": {"uv": [20, 29], "uv_size": [7, 5]}
							}
						},
						{
							"origin": [0.79145, 1.14116, -1.55823],
							"size": [-0.00319, 0.16281, 0.41467],
							"inflate": 0.002,
							"uv": {
								"west": {"uv": [6, 73], "uv_size": [53, 21]}
							}
						},
						{
							"origin": [0.79145, 1.14116, -1.13298],
							"size": [-0.00319, 0.22356, 0.61717],
							"inflate": 0.002,
							"uv": {
								"west": {"uv": [62, 73], "uv_size": [58, 21]}
							}
						},
						{
							"origin": [0.79145, 1.01966, -0.70773],
							"size": [-0.00319, 0.06156, 0.23242],
							"inflate": 0.002,
							"uv": {
								"west": {"uv": [37, 100], "uv_size": [27, 7]}
							}
						},
						{
							"origin": [0.70812, 0.69796, -1.62047],
							"size": [0.07657, 0.96187, 0.26578],
							"pivot": [0.72141, 1.65983, -1.62047],
							"rotation": [-16, 0, 0],
							"uv": {
								"north": {"uv": [38, 51], "uv_size": [1, 5]},
								"east": {"uv": [51, 48], "uv_size": [1, 5]},
								"west": {"uv": [52, 36], "uv_size": [1, 5]}
							}
						},
						{
							"origin": [-0.63281, -0.00446, -4.34156],
							"size": [0.50625, 0.75937, 2.12625],
							"uv": {
								"east": {"uv": [14, 17], "uv_size": [10, 4]},
								"south": {"uv": [44, 14], "uv_size": [3, 4]},
								"west": {"uv": [18, 0], "uv_size": [10, 4]},
								"up": {"uv": [14, 37], "uv_size": [3, 10]},
								"down": {"uv": [37, 45], "uv_size": [3, -10]}
							}
						},
						{
							"origin": [0.70812, 1.51429, -0.29156],
							"size": [0.07657, 0.19617, 0.12656],
							"uv": {
								"east": {"uv": [58, 44], "uv_size": [1, 1]},
								"south": {"uv": [59, 25], "uv_size": [1, 1]},
								"west": {"uv": [29, 59], "uv_size": [1, 1]}
							}
						},
						{
							"origin": [0.50625, 1.51429, -0.29156],
							"size": [0.12656, 0.12656, 0.12656],
							"uv": {
								"east": {"uv": [31, 59], "uv_size": [1, 1]},
								"south": {"uv": [59, 36], "uv_size": [1, 1]},
								"west": {"uv": [59, 46], "uv_size": [1, 1]}
							}
						},
						{
							"origin": [0.70972, 1.19315, -0.28997],
							"size": [0.07337, 0.31954, 0.12337],
							"inflate": 0.002,
							"pivot": [-0.12656, 1.51429, -0.165],
							"rotation": [-10.75, 0, 0],
							"uv": {
								"east": {"uv": [55, 57], "uv_size": [1, 2]},
								"south": {"uv": [57, 56], "uv_size": [1, 2]},
								"west": {"uv": [0, 58], "uv_size": [1, 2]}
							}
						},
						{
							"origin": [0.50625, 1.23585, -0.29156],
							"size": [0.12656, 0.27844, 0.12656],
							"pivot": [-0.12656, 1.51429, -0.165],
							"rotation": [-10.75, 0, 0],
							"uv": {
								"east": {"uv": [59, 48], "uv_size": [1, 1]},
								"south": {"uv": [50, 59], "uv_size": [1, 1]},
								"west": {"uv": [59, 53], "uv_size": [1, 1]}
							}
						},
						{
							"origin": [0.70812, -0.00183, -0.2632],
							"size": [0.07657, 1.36687, 0.13922],
							"pivot": [-0.12656, 0.50442, -0.18726],
							"rotation": [6.75, 0, 0],
							"uv": {
								"east": {"uv": [49, 48], "uv_size": [1, 7]},
								"south": {"uv": [9, 50], "uv_size": [1, 7]},
								"west": {"uv": [11, 50], "uv_size": [1, 7]},
								"down": {"uv": [59, 56], "uv_size": [1, -1]}
							}
						},
						{
							"origin": [-0.63281, -0.32521, -0.29339],
							"size": [1.26562, 1.215, 0.13922],
							"pivot": [-0.12656, 0.76323, -0.15417],
							"rotation": [6.75, 0, 0],
							"uv": {
								"north": {"uv": [14, 22], "uv_size": [6, 6]},
								"east": {"uv": [50, 36], "uv_size": [1, 6]},
								"south": {"uv": [21, 22], "uv_size": [6, 6]},
								"west": {"uv": [40, 50], "uv_size": [1, 6]},
								"up": {"uv": [18, 15], "uv_size": [6, 1]},
								"down": {"uv": [42, 51], "uv_size": [6, -1]}
							}
						},
						{
							"origin": [-0.2025, 0.29017, -0.22305],
							"size": [0.405, 0.405, 0.2025],
							"pivot": [0, 0.49267, -0.07117],
							"rotation": [4.78403, -4.76744, 44.80074],
							"uv": {
								"north": {"uv": [61, 62], "uv_size": [-2, 2]},
								"east": {"uv": [62, 62], "uv_size": [-1, 2]},
								"south": {"uv": [64, 62], "uv_size": [-2, 2]},
								"west": {"uv": [59, 62], "uv_size": [-1, 2]},
								"up": {"uv": [61, 61], "uv_size": [-2, 1]},
								"down": {"uv": [63, 62], "uv_size": [-2, -1]}
							}
						},
						{
							"origin": [-0.56844, 0.13234, -0.2227],
							"size": [0.30375, 0.2025, 0.2025],
							"pivot": [-0.46719, 0.23359, -0.12145],
							"rotation": [6.75, 0, 0],
							"uv": {
								"north": {"uv": [54, 63], "uv_size": [-2, 1]},
								"east": {"uv": [55, 63], "uv_size": [-1, 1]},
								"south": {"uv": [57, 63], "uv_size": [-2, 1]},
								"west": {"uv": [52, 63], "uv_size": [-1, 1]},
								"up": {"uv": [54, 62], "uv_size": [-2, 1]},
								"down": {"uv": [56, 63], "uv_size": [-2, -1]}
							}
						},
						{
							"origin": [0.26469, 0.13234, -0.2227],
							"size": [0.30375, 0.2025, 0.2025],
							"pivot": [0.46719, 0.23359, -0.12145],
							"rotation": [6.75, 0, 0],
							"uv": {
								"north": {"uv": [52, 63], "uv_size": [2, 1]},
								"east": {"uv": [51, 63], "uv_size": [1, 1]},
								"south": {"uv": [55, 63], "uv_size": [2, 1]},
								"west": {"uv": [54, 63], "uv_size": [1, 1]},
								"up": {"uv": [52, 62], "uv_size": [2, 1]},
								"down": {"uv": [54, 63], "uv_size": [2, -1]}
							}
						},
						{
							"origin": [0.50625, 0.88411, -0.2632],
							"size": [0.12656, 0.48093, 0.13922],
							"pivot": [-0.27844, 0.50442, -0.18726],
							"rotation": [6.75, 0, 0],
							"uv": {
								"east": {"uv": [8, 58], "uv_size": [1, 2]},
								"south": {"uv": [10, 58], "uv_size": [1, 2]},
								"west": {"uv": [12, 58], "uv_size": [1, 2]}
							}
						},
						{
							"origin": [-0.78319, -0.33203, -3.39085],
							"size": [1.56638, 0.32607, 3.22435],
							"inflate": 0.002,
							"uv": {
								"north": {"uv": [42, 24], "uv_size": [8, 2]},
								"east": {"uv": [35, 5], "uv_size": [16, 2]},
								"west": {"uv": [20, 36], "uv_size": [16, 2]},
								"up": {"uv": [0, 0], "uv_size": [8, 16]},
								"down": {"uv": [9, 16], "uv_size": [8, -16]}
							}
						},
						{
							"origin": [0.70812, -0.76384, -3.39235],
							"size": [0.07657, 0.75938, 1.77188],
							"pivot": [-0.12656, -0.00446, -3.39235],
							"rotation": [27.5, 0, 0],
							"uv": {
								"east": {"uv": [25, 15], "uv_size": [9, 4]},
								"west": {"uv": [0, 26], "uv_size": [9, 4]},
								"up": {"uv": [2, 47], "uv_size": [1, 9]}
							}
						},
						{
							"origin": [-0.78469, -0.76384, -3.39235],
							"size": [0.07656, 0.75938, 1.77188],
							"pivot": [0.12656, -0.00446, -3.39235],
							"rotation": [27.5, 0, 0],
							"uv": {
								"east": {"uv": [28, 20], "uv_size": [9, 4]},
								"west": {"uv": [28, 25], "uv_size": [9, 4]},
								"up": {"uv": [4, 47], "uv_size": [1, 9]}
							}
						},
						{
							"origin": [-0.63281, 0.88411, -0.2632],
							"size": [0.12656, 0.48093, 0.13922],
							"pivot": [0.27844, 0.50442, -0.18726],
							"rotation": [6.75, 0, 0],
							"uv": {
								"east": {"uv": [14, 58], "uv_size": [1, 2]},
								"south": {"uv": [16, 58], "uv_size": [1, 2]},
								"west": {"uv": [58, 16], "uv_size": [1, 2]}
							}
						},
						{
							"origin": [-0.78469, -0.00183, -0.2632],
							"size": [0.07656, 1.36687, 0.13922],
							"pivot": [0.12656, 0.50442, -0.18726],
							"rotation": [6.75, 0, 0],
							"uv": {
								"east": {"uv": [13, 50], "uv_size": [1, 7]},
								"south": {"uv": [15, 50], "uv_size": [1, 7]},
								"west": {"uv": [17, 50], "uv_size": [1, 7]},
								"down": {"uv": [57, 60], "uv_size": [1, -1]}
							}
						},
						{
							"origin": [-0.63281, 1.23585, -0.29156],
							"size": [0.12656, 0.27844, 0.12656],
							"pivot": [0.12656, 1.51429, -0.165],
							"rotation": [-10.75, 0, 0],
							"uv": {
								"east": {"uv": [59, 57], "uv_size": [1, 1]},
								"south": {"uv": [59, 59], "uv_size": [1, 1]},
								"west": {"uv": [60, 15], "uv_size": [1, 1]}
							}
						},
						{
							"origin": [-0.78309, 1.19315, -0.28997],
							"size": [0.07337, 0.31954, 0.12337],
							"inflate": 0.002,
							"pivot": [0.12656, 1.51429, -0.165],
							"rotation": [-10.75, 0, 0],
							"uv": {
								"east": {"uv": [58, 19], "uv_size": [1, 2]},
								"south": {"uv": [58, 27], "uv_size": [1, 2]},
								"west": {"uv": [58, 30], "uv_size": [1, 2]}
							}
						},
						{
							"origin": [-0.63281, 1.51429, -0.29156],
							"size": [0.12656, 0.12656, 0.12656],
							"uv": {
								"east": {"uv": [60, 17], "uv_size": [1, 1]},
								"south": {"uv": [60, 19], "uv_size": [1, 1]},
								"west": {"uv": [22, 60], "uv_size": [1, 1]}
							}
						},
						{
							"origin": [-0.78469, 1.51429, -0.29156],
							"size": [0.07656, 0.19617, 0.12656],
							"uv": {
								"east": {"uv": [60, 27], "uv_size": [1, 1]},
								"south": {"uv": [60, 29], "uv_size": [1, 1]},
								"west": {"uv": [60, 31], "uv_size": [1, 1]}
							}
						},
						{
							"origin": [-0.78469, 0.69796, -1.62047],
							"size": [0.07656, 0.96187, 0.26578],
							"pivot": [-0.72141, 1.65983, -1.62047],
							"rotation": [-16, 0, 0],
							"uv": {
								"north": {"uv": [42, 52], "uv_size": [1, 5]},
								"east": {"uv": [44, 52], "uv_size": [1, 5]},
								"west": {"uv": [46, 52], "uv_size": [1, 5]}
							}
						},
						{
							"origin": [-0.78319, 0.75641, -1.61898],
							"size": [0.07357, 0.95256, 1.32592],
							"inflate": 0.002,
							"uv": {
								"north": {"uv": [6, 53], "uv_size": [1, 5]},
								"east": {"uv": [28, 30], "uv_size": [7, 5]},
								"west": {"uv": [0, 31], "uv_size": [7, 5]}
							}
						},
						{
							"origin": [-0.60421, 1.63782, -1.61898],
							"size": [0.07358, 0.37037, 1.45248],
							"inflate": 0.002,
							"pivot": [-0.6057, 1.88945, -0.92438],
							"rotation": [0, 0, 45],
							"uv": {
								"north": {"uv": [58, 33], "uv_size": [1, 2]},
								"east": {"uv": [43, 11], "uv_size": [7, 2]},
								"south": {"uv": [34, 58], "uv_size": [1, 2]},
								"west": {"uv": [44, 0], "uv_size": [7, 2]}
							}
						},
						{
							"origin": [-0.63281, 0.62835, -1.55719],
							"size": [0.12656, 0.96188, 0.25313],
							"pivot": [-0.56953, 1.59023, -1.55719],
							"rotation": [-16, 0, 0],
							"uv": {
								"north": {"uv": [19, 53], "uv_size": [1, 5]},
								"east": {"uv": [21, 53], "uv_size": [1, 5]},
								"west": {"uv": [30, 53], "uv_size": [1, 5]}
							}
						},
						{
							"origin": [-0.63132, 0.75641, -1.5557],
							"size": [0.12358, 0.88295, 1.26264],
							"inflate": 0.002,
							"uv": {
								"north": {"uv": [53, 53], "uv_size": [1, 4]},
								"east": {"uv": [41, 40], "uv_size": [6, 4]},
								"west": {"uv": [0, 42], "uv_size": [6, 4]}
							}
						},
						{
							"origin": [-0.45383, 1.56671, -1.55719],
							"size": [0.12657, 0.25313, 1.39219],
							"pivot": [-0.45383, 1.81984, -0.92438],
							"rotation": [0, 0, 45],
							"uv": {
								"north": {"uv": [60, 33], "uv_size": [1, 1]},
								"east": {"uv": [50, 27], "uv_size": [7, 1]},
								"south": {"uv": [60, 38], "uv_size": [1, 1]},
								"west": {"uv": [50, 34], "uv_size": [7, 1]}
							}
						},
						{
							"origin": [-0.78319, -0.00297, -1.11273],
							"size": [0.07357, 0.25014, 0.94623],
							"inflate": 0.002,
							"uv": {
								"north": {"uv": [60, 40], "uv_size": [1, 1]},
								"east": {"uv": [52, 0], "uv_size": [5, 1]},
								"west": {"uv": [52, 5], "uv_size": [5, 1]},
								"up": {"uv": [32, 53], "uv_size": [1, 5]}
							}
						},
						{
							"origin": [-0.78469, -0.33089, -0.2632],
							"size": [0.15188, 0.32906, 0.13922],
							"pivot": [0.12656, 0.50442, -0.18726],
							"rotation": [6.75, 0, 0],
							"uv": {
								"east": {"uv": [58, 38], "uv_size": [1, 2]},
								"south": {"uv": [58, 41], "uv_size": [1, 2]},
								"west": {"uv": [42, 58], "uv_size": [1, 2]},
								"up": {"uv": [1.1, 0.55], "uv_size": [-0.6, -0.55]},
								"down": {"uv": [60, 43], "uv_size": [1, -1]}
							}
						},
						{
							"origin": [0.63281, -0.33089, -0.2632],
							"size": [0.15188, 0.32906, 0.13922],
							"pivot": [-0.12656, 0.50442, -0.18726],
							"rotation": [6.75, 0, 0],
							"uv": {
								"east": {"uv": [44, 58], "uv_size": [1, 2]},
								"south": {"uv": [46, 58], "uv_size": [1, 2]},
								"west": {"uv": [58, 50], "uv_size": [1, 2]},
								"up": {"uv": [0.6, 0.55], "uv_size": [-0.6, -0.55]},
								"down": {"uv": [60, 45], "uv_size": [1, -1]}
							}
						},
						{
							"origin": [-0.81483, -0.23078, -0.8596],
							"size": [1.62966, 0.25014, 0.25014],
							"inflate": 0.002,
							"pivot": [-0.12656, -0.10571, -0.73453],
							"rotation": [-45, 0, 0],
							"uv": {
								"north": {"uv": [48, 14], "uv_size": [8, 1]},
								"east": {"uv": [48, 60], "uv_size": [1, 1]},
								"south": {"uv": [48, 16], "uv_size": [8, 1]},
								"west": {"uv": [60, 50], "uv_size": [1, 1]},
								"up": {"uv": [49, 18], "uv_size": [8, 1]},
								"down": {"uv": [49, 21], "uv_size": [8, -1]}
							}
						},
						{
							"origin": [-0.81483, -0.23078, -2.63148],
							"size": [1.62966, 0.25014, 0.25014],
							"inflate": 0.002,
							"pivot": [-0.12656, -0.10571, -2.50641],
							"rotation": [-45, 0, 0],
							"uv": {
								"north": {"uv": [49, 22], "uv_size": [8, 1]},
								"east": {"uv": [55, 60], "uv_size": [1, 1]},
								"south": {"uv": [49, 30], "uv_size": [8, 1]},
								"west": {"uv": [0, 61], "uv_size": [1, 1]},
								"up": {"uv": [49, 32], "uv_size": [8, 1]},
								"down": {"uv": [49, 45], "uv_size": [8, -1]}
							}
						},
						{
							"origin": [-0.63281, -0.11006, -1.77417],
							"size": [1.26562, 0.87329, 1.62],
							"pivot": [0, 0.76323, -0.15417],
							"rotation": [0.3, 0, 0],
							"uv": {
								"north": {"uv": [42, 19], "uv_size": [6, 4]},
								"east": {"uv": [36, 30], "uv_size": [8, 4]},
								"west": {"uv": [0, 37], "uv_size": [8, 4]},
								"up": {"uv": [0, 17], "uv_size": [6, 8]}
							}
						},
						{
							"origin": [-0.63281, 0.88871, -1.78905],
							"size": [1.26562, 0, 1.62],
							"pivot": [0, 0.88871, -0.16905],
							"rotation": [5.3, 0, 0],
							"uv": {
								"up": {"uv": [7, 17], "uv_size": [6, 8]}
							}
						},
						{
							"origin": [0.25312, -0.00446, -2.21531],
							"size": [0.37969, 0.75937, 0.50625],
							"uv": {
								"east": {"uv": [28, 44], "uv_size": [3, 4]},
								"west": {"uv": [32, 44], "uv_size": [3, 4]},
								"up": {"uv": [51, 8], "uv_size": [2, 3]}
							}
						},
						{
							"origin": [-0.63281, -0.00446, -2.21531],
							"size": [0.37968, 0.75937, 0.50625],
							"uv": {
								"east": {"uv": [45, 30], "uv_size": [3, 4]},
								"west": {"uv": [41, 45], "uv_size": [3, 4]},
								"up": {"uv": [23, 51], "uv_size": [2, 3]}
							}
						},
						{
							"origin": [-0.25313, 0.75456, -2.53335],
							"size": [0.50625, 0, 0.75938],
							"pivot": [0.12656, 0.75456, -1.77397],
							"rotation": [45, 0, 0],
							"uv": {
								"up": {"uv": [45, 45], "uv_size": [3, 4]}
							}
						},
						{
							"origin": [0.12656, -0.00446, -4.59469],
							"size": [0.50625, 0.50625, 0.25313],
							"uv": {
								"north": {"uv": [51, 24], "uv_size": [2, 2]},
								"east": {"uv": [53, 58], "uv_size": [1, 2]},
								"west": {"uv": [59, 0], "uv_size": [1, 2]},
								"down": {"uv": [54, 41], "uv_size": [3, -1]}
							}
						},
						{
							"origin": [0.12507, 0.50029, -4.59618],
							"size": [0.50924, 0.36116, 0.25611],
							"inflate": -0.002,
							"pivot": [0.12656, 0.50179, -4.59469],
							"rotation": [-45, 0, 0],
							"uv": {
								"north": {"uv": [54, 7], "uv_size": [2, 2]},
								"east": {"uv": [59, 3], "uv_size": [1, 2]},
								"west": {"uv": [6, 59], "uv_size": [1, 2]}
							}
						},
						{
							"origin": [0.12656, -0.00446, -4.34156],
							"size": [0.50625, 0.75937, 2.12625],
							"uv": {
								"east": {"uv": [18, 5], "uv_size": [10, 4]},
								"south": {"uv": [36, 46], "uv_size": [3, 4]},
								"west": {"uv": [18, 10], "uv_size": [10, 4]},
								"up": {"uv": [38, 19], "uv_size": [3, 10]},
								"down": {"uv": [9, 49], "uv_size": [3, -10]}
							}
						},
						{
							"origin": [-0.11391, -0.00446, -4.59469],
							"size": [0.22782, 0.50625, 0.25313],
							"uv": {
								"north": {"uv": [59, 6], "uv_size": [1, 2]},
								"east": {"uv": [59, 9], "uv_size": [1, 2]},
								"west": {"uv": [59, 12], "uv_size": [1, 2]},
								"down": {"uv": [61, 1], "uv_size": [1, -1]}
							}
						},
						{
							"origin": [-0.1154, 0.50029, -4.59618],
							"size": [0.2308, 0.36116, 0.25611],
							"inflate": -0.002,
							"pivot": [-0.39234, 0.50179, -4.59469],
							"rotation": [-45, 0, 0],
							"uv": {
								"north": {"uv": [18, 59], "uv_size": [1, 2]},
								"east": {"uv": [20, 59], "uv_size": [1, 2]},
								"west": {"uv": [59, 22], "uv_size": [1, 2]}
							}
						},
						{
							"origin": [-0.11391, 0.56507, -4.34156],
							"size": [0.22782, 0.18984, 2.12625],
							"uv": {
								"east": {"uv": [44, 3], "uv_size": [10, 1]},
								"south": {"uv": [2, 61], "uv_size": [1, 1]},
								"west": {"uv": [13, 48], "uv_size": [10, 1]},
								"up": {"uv": [7, 42], "uv_size": [1, 10]},
								"down": {"uv": [0, 57], "uv_size": [1, -10]}
							}
						},
						{
							"origin": [-0.11391, 0.5836, -2.17057],
							"size": [0.22782, 0.18985, 0.25313],
							"pivot": [0, 0.52032, -2.17057],
							"rotation": [45, 0, 0],
							"uv": {
								"east": {"uv": [61, 2], "uv_size": [1, 1]},
								"south": {"uv": [4, 61], "uv_size": [1, 1]},
								"west": {"uv": [61, 4], "uv_size": [1, 1]},
								"up": {"uv": [61, 6], "uv_size": [1, 1]},
								"down": {"uv": [8, 62], "uv_size": [1, -1]}
							}
						},
						{
							"origin": [-0.78319, 0.25016, -0.35335],
							"size": [0.07357, 0.50326, 0.18685],
							"inflate": 0.002,
							"uv": {
								"north": {"uv": [55, 53], "uv_size": [1, 3]},
								"east": {"uv": [48, 56], "uv_size": [1, 3]},
								"south": {"uv": [2, 57], "uv_size": [1, 3]},
								"west": {"uv": [4, 57], "uv_size": [1, 3]}
							}
						},
						{
							"origin": [-0.78319, 0.25016, -1.11273],
							"size": [0.07357, 0.50326, 0.2628],
							"inflate": 0.002,
							"uv": {
								"north": {"uv": [57, 12], "uv_size": [1, 3]},
								"east": {"uv": [25, 57], "uv_size": [2, 3]},
								"south": {"uv": [27, 57], "uv_size": [1, 3]},
								"west": {"uv": [36, 57], "uv_size": [1, 3]}
							}
						},
						{
							"origin": [-0.78319, 0.50328, -1.8721],
							"size": [0.07357, 0.25014, 0.75639],
							"inflate": 0.002,
							"uv": {
								"north": {"uv": [61, 8], "uv_size": [1, 1]},
								"east": {"uv": [54, 10], "uv_size": [4, 1]},
								"south": {"uv": [10, 61], "uv_size": [1, 1]},
								"west": {"uv": [54, 36], "uv_size": [4, 1]},
								"up": {"uv": [51, 54], "uv_size": [1, 4]},
								"down": {"uv": [23, 59], "uv_size": [1, -4]}
							}
						},
						{
							"origin": [-0.78319, -0.00297, -1.8721],
							"size": [0.07357, 0.50326, 0.26279],
							"inflate": 0.002,
							"uv": {
								"east": {"uv": [38, 57], "uv_size": [2, 3]},
								"south": {"uv": [40, 57], "uv_size": [1, 3]},
								"west": {"uv": [57, 46], "uv_size": [1, 3]}
							}
						},
						{
							"origin": [-0.75788, 0.37672, -0.73304],
							"size": [0.12357, 0.25014, 0.26279],
							"inflate": 0.002,
							"uv": {
								"north": {"uv": [61, 10], "uv_size": [2, 2]},
								"east": {"uv": [12, 61], "uv_size": [2, 2]},
								"south": {"uv": [61, 12], "uv_size": [2, 2]},
								"up": {"uv": [14, 61], "uv_size": [2, 2]},
								"down": {"uv": [16, 63], "uv_size": [2, -2]}
							}
						},
						{
							"origin": [-0.75788, 0.12359, -1.49241],
							"size": [0.12357, 0.25014, 0.26279],
							"inflate": 0.002,
							"uv": {
								"north": {"uv": [61, 21], "uv_size": [2, 2]},
								"east": {"uv": [61, 23], "uv_size": [2, 2]},
								"south": {"uv": [24, 61], "uv_size": [2, 2]},
								"up": {"uv": [61, 25], "uv_size": [2, 2]},
								"down": {"uv": [26, 63], "uv_size": [2, -2]}
							}
						},
						{
							"origin": [-0.25313, -0.00446, -4.34156],
							"size": [0.50625, 0.56953, 2.37937],
							"uv": {
								"north": {"uv": [24, 47], "uv_size": [3, 3]},
								"up": {"uv": [10, 26], "uv_size": [3, 12]}
							}
						},
						{
							"origin": [-0.05063, 0.46888, -2.21025],
							"size": [0.10125, 0.10125, 0.10125],
							"uv": {
								"up": {"uv": [10, 26], "uv_size": [3, 12]}
							}
						}
					]
				},
				{
					"name": "scope_view_2",
					"pivot": [0, 1.275, 3.35]
				},
				{
					"name": "division",
					"pivot": [0, 1.27292, -514.5668],
					"cubes": [
						{
							"origin": [-0.71, 0.56292, -16.43405],
							"size": [1.42, 1.42, 0.4345],
							"uv": {
								"south": {"uv": [80, 0], "uv_size": [48, 48]}
							}
						}
					]
				},
				{
					"name": "scope_view",
					"pivot": [-2, 0.8062, 3.475],
					"rotation": [0, 0, -45]
				}
			]
		}
	]
}