{
	"format_version": "1.12.0",
	"minecraft:geometry": [
		{
			"description": {
				"identifier": "geometry.unknown",
				"texture_width": 64,
				"texture_height": 64,
				"visible_bounds_width": 67,
				"visible_bounds_height": 5,
				"visible_bounds_offset": [0, 0.5, 0]
			},
			"bones": [
				{
					"name": "ocular",
					"pivot": [0, 1.49792, -0.0668],
					"cubes": [
						{
							"origin": [-0.66, 0.83792, -0.28405],
							"size": [1.32, 1.32, 0.4345],
							"uv": {
								"south": {"uv": [22, 15], "uv_size": [6, 6]}
							}
						}
					]
				},
				{
					"name": "ocular_ring",
					"pivot": [0, 2.41212, 0.33882],
					"cubes": [
						{
							"origin": [-0.21725, 2.38462, -0.20843],
							"size": [0.4345, 0.1595, 0.462],
							"pivot": [-0.1375, 2.31587, 0.17382],
							"rotation": [-45, 0, 0],
							"uv": {
								"north": {"uv": [55, 3], "uv_size": [2, 1]},
								"east": {"uv": [55, 7], "uv_size": [2, 1]},
								"south": {"uv": [55, 11], "uv_size": [2, 1]},
								"west": {"uv": [55, 15], "uv_size": [2, 1]},
								"up": {"uv": [37, 50], "uv_size": [2, 2]},
								"down": {"uv": [50, 39], "uv_size": [2, -2]}
							}
						},
						{
							"origin": [0.61994, 2.89905, -0.38718],
							"size": [0.2365, 0.7095, 0.22825],
							"pivot": [0, 3.2538, -0.37618],
							"rotation": [23.75, 0, 0],
							"uv": {
								"north": {"uv": [9, 54], "uv_size": [1, 3]},
								"east": {"uv": [54, 9], "uv_size": [1, 3]},
								"south": {"uv": [10, 54], "uv_size": [1, 3]},
								"west": {"uv": [11, 54], "uv_size": [1, 3]}
							}
						},
						{
							"origin": [0.61994, 2.89905, -0.38718],
							"size": [0.2365, 0.7095, 0.22825],
							"inflate": -0.001,
							"pivot": [0, 3.2538, -0.37618],
							"rotation": [17.28272, -16.54599, 42.46823],
							"uv": {
								"north": {"uv": [12, 54], "uv_size": [1, 3]},
								"east": {"uv": [13, 54], "uv_size": [1, 3]},
								"south": {"uv": [54, 13], "uv_size": [1, 3]},
								"west": {"uv": [14, 54], "uv_size": [1, 3]}
							}
						},
						{
							"origin": [-0.35475, 2.39736, -0.38718],
							"size": [0.7095, 0.2365, 0.22825],
							"pivot": [0, 3.2538, -0.37618],
							"rotation": [23.75, 0, 0],
							"uv": {
								"north": {"uv": [54, 16], "uv_size": [3, 1]},
								"south": {"uv": [54, 17], "uv_size": [3, 1]},
								"up": {"uv": [54, 18], "uv_size": [3, 1]},
								"down": {"uv": [54, 20], "uv_size": [3, -1]}
							}
						},
						{
							"origin": [-0.35475, 3.87374, -0.38718],
							"size": [0.7095, 0.2365, 0.22825],
							"pivot": [0, 3.2538, -0.37618],
							"rotation": [23.75, 0, 0],
							"uv": {
								"north": {"uv": [54, 35], "uv_size": [3, 1]},
								"south": {"uv": [54, 36], "uv_size": [3, 1]},
								"up": {"uv": [54, 43], "uv_size": [3, 1]},
								"down": {"uv": [44, 55], "uv_size": [3, -1]}
							}
						},
						{
							"origin": [0.61994, 2.89905, -0.38718],
							"size": [0.2365, 0.7095, 0.22825],
							"inflate": -0.001,
							"pivot": [0, 3.2538, -0.37618],
							"rotation": [17.28272, 16.54599, -42.46823],
							"uv": {
								"north": {"uv": [54, 44], "uv_size": [1, 3]},
								"east": {"uv": [47, 54], "uv_size": [1, 3]},
								"south": {"uv": [54, 47], "uv_size": [1, 3]},
								"west": {"uv": [50, 54], "uv_size": [1, 3]}
							}
						},
						{
							"origin": [-0.85644, 2.89905, -0.38718],
							"size": [0.2365, 0.7095, 0.22825],
							"inflate": -0.001,
							"pivot": [0, 3.2538, -0.37618],
							"rotation": [17.28272, -16.54599, 42.46823],
							"uv": {
								"north": {"uv": [55, 44], "uv_size": [-1, 3]},
								"east": {"uv": [51, 54], "uv_size": [-1, 3]},
								"south": {"uv": [55, 47], "uv_size": [-1, 3]},
								"west": {"uv": [48, 54], "uv_size": [-1, 3]}
							}
						},
						{
							"origin": [-0.85644, 2.89905, -0.38718],
							"size": [0.2365, 0.7095, 0.22825],
							"pivot": [0, 3.2538, -0.37618],
							"rotation": [23.75, 0, 0],
							"uv": {
								"north": {"uv": [10, 54], "uv_size": [-1, 3]},
								"east": {"uv": [12, 54], "uv_size": [-1, 3]},
								"south": {"uv": [11, 54], "uv_size": [-1, 3]},
								"west": {"uv": [55, 9], "uv_size": [-1, 3]}
							}
						},
						{
							"origin": [-0.85644, 2.89905, -0.38718],
							"size": [0.2365, 0.7095, 0.22825],
							"inflate": -0.001,
							"pivot": [0, 3.2538, -0.37618],
							"rotation": [17.28272, 16.54599, -42.46823],
							"uv": {
								"north": {"uv": [13, 54], "uv_size": [-1, 3]},
								"east": {"uv": [15, 54], "uv_size": [-1, 3]},
								"south": {"uv": [55, 13], "uv_size": [-1, 3]},
								"west": {"uv": [14, 54], "uv_size": [-1, 3]}
							}
						},
						{
							"origin": [-0.62897, 2.84483, -0.3864],
							"size": [1.25794, 1.03794, 0.08919],
							"inflate": 0.001,
							"pivot": [0.00981, 3.2538, -0.37618],
							"rotation": [23.75, 0, 0],
							"uv": {
								"north": {"uv": [29, 4], "uv_size": [6, 5]},
								"south": {"uv": [6, 29], "uv_size": [6, 5]}
							}
						},
						{
							"origin": [-0.51897, 2.62483, -0.3864],
							"size": [1.03794, 0.21844, 0.08919],
							"inflate": 0.001,
							"pivot": [0.11981, 3.2538, -0.37618],
							"rotation": [23.75, 0, 0],
							"uv": {
								"north": {"uv": [1, 33], "uv_size": [5, 1]},
								"south": {"uv": [12, 33], "uv_size": [5, 1]}
							}
						},
						{
							"origin": [0.61, 3.74564, -0.65939],
							"size": [0.275, 0.297, 0.22825],
							"inflate": -0.001,
							"pivot": [0.75144, 3.89414, -0.54526],
							"rotation": [17.28272, 16.54599, -42.46823],
							"uv": {
								"north": {"uv": [4, 56], "uv_size": [1, 1]},
								"south": {"uv": [56, 4], "uv_size": [1, 1]},
								"west": {"uv": [5, 56], "uv_size": [1, 1]},
								"up": {"uv": [56, 5], "uv_size": [1, 1]},
								"down": {"uv": [6, 57], "uv_size": [1, -1]}
							}
						},
						{
							"origin": [-0.885, 3.74564, -0.65939],
							"size": [0.275, 0.297, 0.22825],
							"inflate": -0.001,
							"pivot": [-0.75144, 3.89414, -0.54526],
							"rotation": [17.28272, -16.54599, 42.46823],
							"uv": {
								"north": {"uv": [56, 6], "uv_size": [1, 1]},
								"east": {"uv": [7, 56], "uv_size": [1, 1]},
								"south": {"uv": [8, 56], "uv_size": [1, 1]},
								"up": {"uv": [56, 9], "uv_size": [1, 1]},
								"down": {"uv": [56, 11], "uv_size": [1, -1]}
							}
						},
						{
							"origin": [0.61994, 1.14592, -0.06405],
							"size": [0.2365, 0.7095, 0.4345],
							"inflate": -0.001,
							"pivot": [0, 1.50067, 0.0157],
							"rotation": [0, 0, -45],
							"uv": {
								"north": {"uv": [52, 46], "uv_size": [1, 3]},
								"east": {"uv": [24, 47], "uv_size": [2, 3]},
								"south": {"uv": [52, 49], "uv_size": [1, 3]},
								"west": {"uv": [47, 29], "uv_size": [2, 3]}
							}
						},
						{
							"origin": [-0.35475, 2.12062, -0.06405],
							"size": [0.7095, 0.2365, 0.4345],
							"uv": {
								"north": {"uv": [52, 41], "uv_size": [3, 1]},
								"south": {"uv": [52, 42], "uv_size": [3, 1]},
								"up": {"uv": [47, 17], "uv_size": [3, 2]},
								"down": {"uv": [47, 23], "uv_size": [3, -2]}
							}
						},
						{
							"origin": [-0.35475, 0.64423, -0.06405],
							"size": [0.7095, 0.2365, 0.4345],
							"uv": {
								"north": {"uv": [52, 37], "uv_size": [3, 1]},
								"south": {"uv": [52, 38], "uv_size": [3, 1]},
								"up": {"uv": [47, 15], "uv_size": [3, 2]},
								"down": {"uv": [16, 49], "uv_size": [3, -2]}
							}
						},
						{
							"origin": [0.61994, 1.14592, -0.06405],
							"size": [0.2365, 0.7095, 0.4345],
							"inflate": -0.001,
							"pivot": [0, 1.50067, 0.0157],
							"rotation": [0, 0, 45],
							"uv": {
								"north": {"uv": [42, 52], "uv_size": [1, 3]},
								"east": {"uv": [19, 47], "uv_size": [2, 3]},
								"south": {"uv": [43, 52], "uv_size": [1, 3]},
								"west": {"uv": [22, 47], "uv_size": [2, 3]}
							}
						},
						{
							"origin": [0.61994, 1.14592, -0.06405],
							"size": [0.2365, 0.7095, 0.4345],
							"uv": {
								"north": {"uv": [52, 52], "uv_size": [1, 3]},
								"east": {"uv": [32, 47], "uv_size": [2, 3]},
								"south": {"uv": [53, 9], "uv_size": [1, 3]},
								"west": {"uv": [47, 32], "uv_size": [2, 3]}
							}
						},
						{
							"origin": [-0.85644, 1.14592, -0.06405],
							"size": [0.2365, 0.7095, 0.4345],
							"inflate": -0.001,
							"pivot": [0, 1.50067, 0.0157],
							"rotation": [0, 0, 45],
							"uv": {
								"north": {"uv": [53, 46], "uv_size": [-1, 3]},
								"east": {"uv": [49, 29], "uv_size": [-2, 3]},
								"south": {"uv": [53, 49], "uv_size": [-1, 3]},
								"west": {"uv": [26, 47], "uv_size": [-2, 3]}
							}
						},
						{
							"origin": [-0.85644, 1.14592, -0.06405],
							"size": [0.2365, 0.7095, 0.4345],
							"uv": {
								"north": {"uv": [53, 52], "uv_size": [-1, 3]},
								"east": {"uv": [49, 32], "uv_size": [-2, 3]},
								"south": {"uv": [54, 9], "uv_size": [-1, 3]},
								"west": {"uv": [34, 47], "uv_size": [-2, 3]}
							}
						},
						{
							"origin": [-0.85644, 1.14592, -0.06405],
							"size": [0.2365, 0.7095, 0.4345],
							"inflate": -0.001,
							"pivot": [0, 1.50067, 0.0157],
							"rotation": [0, 0, -45],
							"uv": {
								"north": {"uv": [43, 52], "uv_size": [-1, 3]},
								"east": {"uv": [24, 47], "uv_size": [-2, 3]},
								"south": {"uv": [44, 52], "uv_size": [-1, 3]},
								"west": {"uv": [21, 47], "uv_size": [-2, 3]}
							}
						},
						{
							"origin": [0.264, 2.15087, 0.21095],
							"size": [0.1595, 0.34375, 0.1595],
							"pivot": [0.34375, 2.42587, 0.2907],
							"rotation": [-45, 0, 0],
							"uv": {
								"north": {"uv": [22, 34], "uv_size": [1, 2]},
								"east": {"uv": [35, 41], "uv_size": [1, 2]},
								"south": {"uv": [16, 45], "uv_size": [1, 2]},
								"west": {"uv": [51, 54], "uv_size": [1, 2]},
								"up": {"uv": [1, 56], "uv_size": [1, 1]}
							}
						},
						{
							"origin": [-0.4235, 2.15087, 0.21095],
							"size": [0.1595, 0.34375, 0.1595],
							"pivot": [-0.34375, 2.42587, 0.2907],
							"rotation": [-45, 0, 0],
							"uv": {
								"north": {"uv": [55, 1], "uv_size": [1, 2]},
								"east": {"uv": [55, 5], "uv_size": [1, 2]},
								"south": {"uv": [55, 9], "uv_size": [1, 2]},
								"west": {"uv": [55, 13], "uv_size": [1, 2]},
								"up": {"uv": [56, 1], "uv_size": [1, 1]}
							}
						},
						{
							"origin": [-0.275, 2.34337, 0.25907],
							"size": [0.55, 0.06875, 0.06875],
							"pivot": [0, 2.41212, 0.33882],
							"rotation": [-45, 0, 0],
							"uv": {
								"north": {"uv": [53, 39], "uv_size": [3, 1]},
								"east": {"uv": [2, 56], "uv_size": [1, 1]},
								"south": {"uv": [53, 40], "uv_size": [3, 1]},
								"west": {"uv": [56, 2], "uv_size": [1, 1]},
								"up": {"uv": [54, 8], "uv_size": [3, 1]}
							}
						}
					]
				},
				{
					"name": "division",
					"pivot": [0, 1.49792, -16.1668],
					"cubes": [
						{
							"origin": [-0.46, 1.03792, -16.38405],
							"size": [0.92, 0.92, 0.4345],
							"uv": {
								"south": {"uv": [1, 1], "uv_size": [21, 21]}
							}
						}
					]
				},
				{
					"name": "aimpoint",
					"pivot": [0.08281, 1.06794, -2.5964]
				},
				{
					"name": "scope_view",
					"pivot": [-2, 0.80625, 3.95],
					"rotation": [0, 0, -45]
				},
				{
					"name": "scope_view_2",
					"pivot": [0, 1.49375, 3.95]
				},
				{
					"name": "scope_body",
					"pivot": [0, 0, 0],
					"cubes": [
						{
							"origin": [0.57035, 1.1743, -0.45917],
							"size": [0.21758, 0.65274, 0.39974],
							"uv": {
								"north": {"uv": [36, 53], "uv_size": [1, 3]},
								"south": {"uv": [39, 53], "uv_size": [1, 3]},
								"west": {"uv": [47, 35], "uv_size": [2, 3]}
							}
						},
						{
							"origin": [0.57035, 1.1743, -0.45917],
							"size": [0.21758, 0.65274, 0.39974],
							"pivot": [0, 1.50067, -0.2593],
							"rotation": [0, 0, -45],
							"uv": {
								"north": {"uv": [40, 53], "uv_size": [1, 3]},
								"south": {"uv": [41, 53], "uv_size": [1, 3]},
								"west": {"uv": [37, 47], "uv_size": [2, 3]}
							}
						},
						{
							"origin": [0.57035, 1.1743, -0.45917],
							"size": [0.21758, 0.65274, 0.39974],
							"pivot": [0, 1.50067, -0.2593],
							"rotation": [0, 0, 45],
							"uv": {
								"north": {"uv": [53, 43], "uv_size": [1, 3]},
								"south": {"uv": [53, 46], "uv_size": [1, 3]},
								"west": {"uv": [47, 38], "uv_size": [2, 3]}
							}
						},
						{
							"origin": [-0.78793, 1.1743, -0.45917],
							"size": [0.21758, 0.65274, 0.39974],
							"pivot": [0, 1.50067, -0.2593],
							"rotation": [0, 0, 45],
							"uv": {
								"north": {"uv": [41, 53], "uv_size": [-1, 3]},
								"east": {"uv": [39, 47], "uv_size": [-2, 3]},
								"south": {"uv": [42, 53], "uv_size": [-1, 3]}
							}
						},
						{
							"origin": [-0.78793, 1.1743, -0.45917],
							"size": [0.21758, 0.65274, 0.39974],
							"uv": {
								"north": {"uv": [37, 53], "uv_size": [-1, 3]},
								"east": {"uv": [49, 35], "uv_size": [-2, 3]},
								"south": {"uv": [40, 53], "uv_size": [-1, 3]}
							}
						},
						{
							"origin": [-0.78793, 1.1743, -0.45917],
							"size": [0.21758, 0.65274, 0.39974],
							"pivot": [0, 1.50067, -0.2593],
							"rotation": [0, 0, -45],
							"uv": {
								"north": {"uv": [54, 43], "uv_size": [-1, 3]},
								"east": {"uv": [49, 38], "uv_size": [-2, 3]},
								"south": {"uv": [54, 46], "uv_size": [-1, 3]}
							}
						},
						{
							"origin": [-0.32637, 2.07102, -0.45917],
							"size": [0.65274, 0.21758, 0.39974],
							"uv": {
								"north": {"uv": [53, 4], "uv_size": [3, 1]},
								"south": {"uv": [53, 12], "uv_size": [3, 1]},
								"up": {"uv": [39, 47], "uv_size": [3, 2]}
							}
						},
						{
							"origin": [-0.32637, 0.71275, -0.45917],
							"size": [0.65274, 0.21758, 0.39974],
							"uv": {
								"north": {"uv": [53, 33], "uv_size": [3, 1]},
								"south": {"uv": [53, 34], "uv_size": [3, 1]},
								"down": {"uv": [47, 43], "uv_size": [3, -2]}
							}
						},
						{
							"origin": [-0.55, -0.2907, -2.39747],
							"size": [1.1, 0.4175, 2.42],
							"inflate": 0.002,
							"uv": {
								"north": {"uv": [41, 5], "uv_size": [5, 2]},
								"east": {"uv": [33, 13], "uv_size": [11, 2]},
								"south": {"uv": [42, 21], "uv_size": [5, 2]},
								"west": {"uv": [33, 30], "uv_size": [11, 2]},
								"down": {"uv": [1, 33], "uv_size": [5, -11]}
							}
						},
						{
							"origin": [-0.66, -0.2032, -1.07747],
							"size": [1.32, 0.44, 0.88],
							"uv": {
								"north": {"uv": [39, 11], "uv_size": [6, 2]},
								"east": {"uv": [46, 7], "uv_size": [4, 2]},
								"south": {"uv": [40, 19], "uv_size": [6, 2]},
								"west": {"uv": [46, 19], "uv_size": [4, 2]},
								"up": {"uv": [27, 30], "uv_size": [6, 4]},
								"down": {"uv": [33, 13], "uv_size": [6, -4]}
							}
						},
						{
							"origin": [0.66, -0.1482, -0.74747],
							"size": [0.44, 0.33, 0.33],
							"pivot": [0.11, 0.0168, -0.58247],
							"rotation": [-45, 0, 0],
							"uv": {
								"north": {"uv": [52, 13], "uv_size": [2, 2]},
								"east": {"uv": [15, 52], "uv_size": [2, 2]},
								"south": {"uv": [52, 15], "uv_size": [2, 2]},
								"west": {"uv": [52, 17], "uv_size": [2, 2]},
								"up": {"uv": [52, 19], "uv_size": [2, 2]},
								"down": {"uv": [52, 23], "uv_size": [2, -2]}
							}
						},
						{
							"origin": [-0.77, -0.0932, -0.69247],
							"size": [0.11, 0.22, 0.22],
							"pivot": [0.11, 0.0168, -0.58247],
							"rotation": [-45, 0, 0],
							"uv": {
								"north": {"uv": [56, 24], "uv_size": [1, 1]},
								"east": {"uv": [26, 56], "uv_size": [1, 1]},
								"south": {"uv": [27, 56], "uv_size": [1, 1]},
								"west": {"uv": [28, 56], "uv_size": [1, 1]},
								"up": {"uv": [56, 28], "uv_size": [1, 1]},
								"down": {"uv": [29, 57], "uv_size": [1, -1]}
							}
						},
						{
							"origin": [-0.396, 0.06236, -2.39747],
							"size": [0.792, 0.22, 2.42],
							"inflate": 0.001,
							"uv": {
								"north": {"uv": [52, 23], "uv_size": [4, 1]},
								"south": {"uv": [52, 24], "uv_size": [4, 1]},
								"up": {"uv": [13, 22], "uv_size": [4, 11]}
							}
						},
						{
							"origin": [0.33, -0.0932, -2.39747],
							"size": [0.22, 0.22, 2.42],
							"pivot": [0.55, 0.1268, -1.29747],
							"rotation": [0, 0, 45],
							"uv": {
								"north": {"uv": [56, 29], "uv_size": [1, 1]},
								"south": {"uv": [56, 30], "uv_size": [1, 1]},
								"up": {"uv": [21, 40], "uv_size": [1, 11]},
								"down": {"uv": [29, 52], "uv_size": [1, -11]}
							}
						},
						{
							"origin": [-0.55, -0.0932, -2.39747],
							"size": [0.22, 0.22, 2.42],
							"pivot": [-0.55, 0.1268, -1.29747],
							"rotation": [0, 0, -45],
							"uv": {
								"north": {"uv": [56, 31], "uv_size": [1, 1]},
								"south": {"uv": [56, 33], "uv_size": [1, 1]},
								"up": {"uv": [30, 41], "uv_size": [1, 11]},
								"down": {"uv": [31, 52], "uv_size": [1, -11]}
							}
						},
						{
							"origin": [0.48244, 1.14592, -1.5078],
							"size": [0.5115, 0.7095, 1.2595],
							"pivot": [0.1375, 1.50067, -0.60305],
							"rotation": [0, 0, 45],
							"uv": {
								"north": {"uv": [46, 47], "uv_size": [2, 3]},
								"south": {"uv": [1, 48], "uv_size": [2, 3]},
								"west": {"uv": [33, 32], "uv_size": [6, 3]}
							}
						},
						{
							"origin": [0.48244, 1.14592, -1.5078],
							"size": [0.5115, 0.7095, 1.2595],
							"uv": {
								"north": {"uv": [26, 48], "uv_size": [2, 3]},
								"south": {"uv": [48, 46], "uv_size": [2, 3]},
								"west": {"uv": [1, 34], "uv_size": [6, 3]}
							}
						},
						{
							"origin": [0.48244, 1.14592, -1.5078],
							"size": [0.5115, 0.7095, 1.2595],
							"pivot": [0.1375, 1.50067, -0.60305],
							"rotation": [0, 0, -45],
							"uv": {
								"north": {"uv": [49, 1], "uv_size": [2, 3]},
								"south": {"uv": [8, 49], "uv_size": [2, 3]},
								"west": {"uv": [7, 34], "uv_size": [6, 3]}
							}
						},
						{
							"origin": [-0.99394, 1.14592, -1.5078],
							"size": [0.5115, 0.7095, 1.2595],
							"pivot": [-0.1375, 1.50067, -0.60305],
							"rotation": [0, 0, 45],
							"uv": {
								"north": {"uv": [51, 1], "uv_size": [-2, 3]},
								"east": {"uv": [13, 34], "uv_size": [-6, 3]},
								"south": {"uv": [10, 49], "uv_size": [-2, 3]}
							}
						},
						{
							"origin": [-0.99394, 1.14592, -1.5078],
							"size": [0.5115, 0.7095, 1.2595],
							"uv": {
								"north": {"uv": [28, 48], "uv_size": [-2, 3]},
								"east": {"uv": [7, 34], "uv_size": [-6, 3]},
								"south": {"uv": [50, 46], "uv_size": [-2, 3]}
							}
						},
						{
							"origin": [-0.99394, 1.14592, -1.5078],
							"size": [0.5115, 0.7095, 1.2595],
							"pivot": [-0.1375, 1.50067, -0.60305],
							"rotation": [0, 0, -45],
							"uv": {
								"north": {"uv": [48, 47], "uv_size": [-2, 3]},
								"east": {"uv": [39, 32], "uv_size": [-6, 3]},
								"south": {"uv": [3, 48], "uv_size": [-2, 3]}
							}
						},
						{
							"origin": [-0.49225, 0.64423, -1.5078],
							"size": [0.9845, 0.4865, 1.2595],
							"uv": {
								"north": {"uv": [49, 43], "uv_size": [4, 1]},
								"south": {"uv": [49, 44], "uv_size": [4, 1]},
								"down": {"uv": [29, 15], "uv_size": [4, -6]}
							}
						},
						{
							"origin": [-0.49225, 1.87062, -1.5078],
							"size": [0.9845, 0.4865, 1.2595],
							"uv": {
								"north": {"uv": [49, 45], "uv_size": [4, 1]},
								"south": {"uv": [4, 50], "uv_size": [4, 1]},
								"up": {"uv": [23, 30], "uv_size": [4, 6]}
							}
						},
						{
							"origin": [-0.34375, 2.49462, -1.14205],
							"size": [0.6875, 0.61875, 0.6875],
							"pivot": [0, 2.49462, -0.7983],
							"rotation": [0, -45, 0],
							"uv": {
								"north": {"uv": [38, 44], "uv_size": [3, 3]},
								"east": {"uv": [44, 38], "uv_size": [3, 3]},
								"south": {"uv": [41, 44], "uv_size": [3, 3]},
								"west": {"uv": [44, 41], "uv_size": [3, 3]},
								"up": {"uv": [44, 44], "uv_size": [3, 3]},
								"down": {"uv": [1, 48], "uv_size": [3, -3]}
							}
						},
						{
							"origin": [-0.275, 2.35712, -1.0733],
							"size": [0.55, 0.55, 0.55],
							"pivot": [0, 2.49462, -0.7983],
							"rotation": [0, -45, 0],
							"uv": {
								"north": {"uv": [44, 16], "uv_size": [3, 3]},
								"east": {"uv": [17, 44], "uv_size": [3, 3]},
								"south": {"uv": [44, 29], "uv_size": [3, 3]},
								"west": {"uv": [32, 44], "uv_size": [3, 3]}
							}
						}
					]
				},
				{
					"name": "knob",
					"parent": "scope_body",
					"pivot": [0, 2.49462, -0.7983]
				},
				{
					"name": "scope_hide",
					"parent": "scope_body",
					"pivot": [0, 3.2926, -4.2684],
					"cubes": [
						{
							"origin": [0.72086, 1.08817, -4.8243],
							"size": [0.275, 0.825, 0.825],
							"uv": {
								"north": {"uv": [12, 29], "uv_size": [1, 4]},
								"east": {"uv": [1, 37], "uv_size": [4, 4]},
								"south": {"uv": [49, 23], "uv_size": [1, 4]},
								"west": {"uv": [5, 37], "uv_size": [4, 4]}
							}
						},
						{
							"origin": [0.72086, 1.91317, -4.8243],
							"size": [0.275, 0.825, 0.825],
							"pivot": [0.99586, 1.91317, -4.5493],
							"rotation": [0, 0, -45],
							"uv": {
								"north": {"uv": [49, 27], "uv_size": [1, 4]},
								"east": {"uv": [9, 37], "uv_size": [4, 4]},
								"south": {"uv": [49, 31], "uv_size": [1, 4]},
								"west": {"uv": [13, 37], "uv_size": [4, 4]}
							}
						},
						{
							"origin": [0.72086, 0.26317, -4.8243],
							"size": [0.275, 0.825, 0.825],
							"pivot": [0.99586, 1.08817, -4.5493],
							"rotation": [0, 0, 45],
							"uv": {
								"north": {"uv": [35, 49], "uv_size": [1, 4]},
								"east": {"uv": [25, 37], "uv_size": [4, 4]},
								"south": {"uv": [49, 35], "uv_size": [1, 4]},
								"west": {"uv": [29, 37], "uv_size": [4, 4]}
							}
						},
						{
							"origin": [-0.99586, 1.08817, -4.8243],
							"size": [0.275, 0.825, 0.825],
							"uv": {
								"north": {"uv": [13, 29], "uv_size": [-1, 4]},
								"east": {"uv": [9, 37], "uv_size": [-4, 4]},
								"south": {"uv": [50, 23], "uv_size": [-1, 4]},
								"west": {"uv": [5, 37], "uv_size": [-4, 4]}
							}
						},
						{
							"origin": [-0.99586, 1.91317, -4.8243],
							"size": [0.275, 0.825, 0.825],
							"pivot": [-0.99586, 1.91317, -4.5493],
							"rotation": [0, 0, 45],
							"uv": {
								"north": {"uv": [50, 27], "uv_size": [-1, 4]},
								"east": {"uv": [17, 37], "uv_size": [-4, 4]},
								"south": {"uv": [50, 31], "uv_size": [-1, 4]},
								"west": {"uv": [13, 37], "uv_size": [-4, 4]}
							}
						},
						{
							"origin": [-0.99586, 0.26317, -4.8243],
							"size": [0.275, 0.825, 0.825],
							"pivot": [-0.99586, 1.08817, -4.5493],
							"rotation": [0, 0, -45],
							"uv": {
								"north": {"uv": [36, 49], "uv_size": [-1, 4]},
								"east": {"uv": [33, 37], "uv_size": [-4, 4]},
								"south": {"uv": [50, 35], "uv_size": [-1, 4]},
								"west": {"uv": [29, 37], "uv_size": [-4, 4]}
							}
						},
						{
							"origin": [-0.4125, 2.22154, -4.8243],
							"size": [0.825, 0.275, 0.825],
							"uv": {
								"north": {"uv": [38, 29], "uv_size": [4, 1]},
								"south": {"uv": [49, 4], "uv_size": [4, 1]},
								"up": {"uv": [38, 21], "uv_size": [4, 4]},
								"down": {"uv": [38, 29], "uv_size": [4, -4]}
							}
						},
						{
							"origin": [-0.4125, 0.50481, -4.8243],
							"size": [0.825, 0.275, 0.825],
							"uv": {
								"north": {"uv": [49, 39], "uv_size": [4, 1]},
								"south": {"uv": [49, 40], "uv_size": [4, 1]},
								"up": {"uv": [39, 7], "uv_size": [4, 4]},
								"down": {"uv": [36, 43], "uv_size": [4, -4]}
							}
						},
						{
							"origin": [-0.35475, 0.64423, -4.00343],
							"size": [0.7095, 0.2365, 0.7095],
							"uv": {
								"south": {"uv": [46, 9], "uv_size": [3, 1]},
								"down": {"uv": [35, 30], "uv_size": [3, -3]}
							}
						},
						{
							"origin": [-0.35475, 2.12062, -4.00343],
							"size": [0.7095, 0.2365, 0.7095],
							"uv": {
								"south": {"uv": [52, 25], "uv_size": [3, 1]},
								"up": {"uv": [32, 41], "uv_size": [3, 3]}
							}
						},
						{
							"origin": [0.61994, 1.14592, -4.00343],
							"size": [0.2365, 0.7095, 0.7095],
							"inflate": -0.001,
							"pivot": [0, 1.50067, -3.64868],
							"rotation": [0, 0, 45],
							"uv": {
								"south": {"uv": [39, 32], "uv_size": [1, 3]},
								"west": {"uv": [22, 42], "uv_size": [3, 3]}
							}
						},
						{
							"origin": [0.61994, 1.14592, -4.00343],
							"size": [0.2365, 0.7095, 0.7095],
							"inflate": -0.001,
							"pivot": [0, 1.50067, -3.64868],
							"rotation": [0, 0, -45],
							"uv": {
								"south": {"uv": [20, 44], "uv_size": [1, 3]},
								"west": {"uv": [42, 23], "uv_size": [3, 3]}
							}
						},
						{
							"origin": [0.61994, 1.14592, -4.00343],
							"size": [0.2365, 0.7095, 0.7095],
							"uv": {
								"south": {"uv": [17, 52], "uv_size": [1, 3]},
								"west": {"uv": [42, 26], "uv_size": [3, 3]}
							}
						},
						{
							"origin": [-0.85644, 1.14592, -4.00343],
							"size": [0.2365, 0.7095, 0.7095],
							"inflate": -0.001,
							"pivot": [0, 1.50067, -3.64868],
							"rotation": [0, 0, 45],
							"uv": {
								"east": {"uv": [45, 23], "uv_size": [-3, 3]},
								"south": {"uv": [21, 44], "uv_size": [-1, 3]}
							}
						},
						{
							"origin": [-0.85644, 1.14592, -4.00343],
							"size": [0.2365, 0.7095, 0.7095],
							"uv": {
								"east": {"uv": [45, 26], "uv_size": [-3, 3]},
								"south": {"uv": [18, 52], "uv_size": [-1, 3]}
							}
						},
						{
							"origin": [-0.85644, 1.14592, -4.00343],
							"size": [0.2365, 0.7095, 0.7095],
							"inflate": -0.001,
							"pivot": [0, 1.50067, -3.64868],
							"rotation": [0, 0, -45],
							"uv": {
								"east": {"uv": [25, 42], "uv_size": [-3, 3]},
								"south": {"uv": [40, 32], "uv_size": [-1, 3]}
							}
						},
						{
							"origin": [-0.77, 0.72792, -4.46405],
							"size": [1.54, 1.54, 0.4345],
							"uv": {
								"north": {"uv": [22, 1], "uv_size": [7, 7]}
							}
						},
						{
							"origin": [-0.29345, 0.79222, -3.31237],
							"size": [0.5869, 0.19564, 2.55589],
							"uv": {
								"down": {"uv": [17, 34], "uv_size": [3, -12]}
							}
						},
						{
							"origin": [-0.29345, 2.01349, -3.31237],
							"size": [0.5869, 0.19563, 2.55589],
							"uv": {
								"up": {"uv": [20, 22], "uv_size": [3, 12]}
							}
						},
						{
							"origin": [0.51282, 1.20722, -3.31237],
							"size": [0.19563, 0.5869, 2.55589],
							"pivot": [0, 1.50067, -1.04993],
							"rotation": [0, 0, 45],
							"uv": {
								"west": {"uv": [23, 21], "uv_size": [12, 3]}
							}
						},
						{
							"origin": [0.51282, 1.20722, -3.31237],
							"size": [0.19563, 0.5869, 2.55589],
							"pivot": [0, 1.50067, -1.04993],
							"rotation": [0, 0, -45],
							"uv": {
								"west": {"uv": [23, 24], "uv_size": [12, 3]}
							}
						},
						{
							"origin": [0.51282, 1.20722, -3.31237],
							"size": [0.19563, 0.5869, 2.55589],
							"uv": {
								"west": {"uv": [23, 27], "uv_size": [12, 3]}
							}
						},
						{
							"origin": [-0.70845, 1.20722, -3.31237],
							"size": [0.19563, 0.5869, 2.55589],
							"pivot": [0, 1.50067, -1.04993],
							"rotation": [0, 0, 45],
							"uv": {
								"east": {"uv": [35, 24], "uv_size": [-12, 3]}
							}
						},
						{
							"origin": [-0.70845, 1.20722, -3.31237],
							"size": [0.19563, 0.5869, 2.55589],
							"uv": {
								"east": {"uv": [35, 27], "uv_size": [-12, 3]}
							}
						},
						{
							"origin": [-0.70845, 1.20722, -3.31237],
							"size": [0.19563, 0.5869, 2.55589],
							"pivot": [0, 1.50067, -1.04993],
							"rotation": [0, 0, -45],
							"uv": {
								"east": {"uv": [35, 21], "uv_size": [-12, 3]}
							}
						},
						{
							"origin": [-0.275, 3.03809, -5.1321],
							"size": [0.55, 0.06875, 0.06875],
							"pivot": [0, 3.2926, -4.2684],
							"rotation": [45, 0, 0],
							"uv": {
								"north": {"uv": [54, 50], "uv_size": [3, 1]},
								"east": {"uv": [56, 12], "uv_size": [1, 1]},
								"south": {"uv": [54, 51], "uv_size": [3, 1]},
								"west": {"uv": [56, 13], "uv_size": [1, 1]},
								"up": {"uv": [54, 52], "uv_size": [3, 1]}
							}
						},
						{
							"origin": [-1.502, 3.21821, -4.26134],
							"size": [0.33, 0.3564, 0.2739],
							"inflate": -0.001,
							"pivot": [0, 3.32973, -4.20652],
							"rotation": [-17.28272, 16.54599, 42.46823],
							"uv": {
								"north": {"uv": [50, 41], "uv_size": [2, 2]},
								"east": {"uv": [17, 55], "uv_size": [1, 2]},
								"south": {"uv": [42, 50], "uv_size": [2, 2]},
								"up": {"uv": [55, 20], "uv_size": [2, 1]},
								"down": {"uv": [55, 22], "uv_size": [2, -1]}
							}
						},
						{
							"origin": [-1.17691, 3.05321, -4.26134],
							"size": [0.2838, 0.8514, 0.2739],
							"pivot": [0, 3.32973, -4.20652],
							"rotation": [-17.28272, 16.54599, 42.46823],
							"uv": {
								"north": {"uv": [33, 50], "uv_size": [1, 4]},
								"east": {"uv": [44, 50], "uv_size": [1, 4]},
								"south": {"uv": [45, 50], "uv_size": [1, 4]},
								"west": {"uv": [46, 50], "uv_size": [1, 4]}
							}
						},
						{
							"origin": [0.89311, 3.05321, -4.26134],
							"size": [0.2838, 0.8514, 0.2739],
							"pivot": [0, 3.32973, -4.20652],
							"rotation": [-17.28272, -16.54599, -42.46823],
							"uv": {
								"north": {"uv": [50, 46], "uv_size": [1, 4]},
								"east": {"uv": [47, 50], "uv_size": [1, 4]},
								"south": {"uv": [50, 50], "uv_size": [1, 4]},
								"west": {"uv": [1, 51], "uv_size": [1, 4]}
							}
						},
						{
							"origin": [-0.4257, 4.28463, -4.26134],
							"size": [0.8514, 0.2838, 0.2739],
							"inflate": -0.001,
							"pivot": [0, 3.32973, -4.20652],
							"rotation": [-23.75, 0, 0],
							"uv": {
								"north": {"uv": [51, 1], "uv_size": [4, 1]},
								"south": {"uv": [51, 2], "uv_size": [4, 1]},
								"up": {"uv": [51, 3], "uv_size": [4, 1]},
								"down": {"uv": [4, 52], "uv_size": [4, -1]}
							}
						},
						{
							"origin": [1.17, 3.21821, -4.26134],
							"size": [0.33, 0.3564, 0.2739],
							"inflate": -0.001,
							"pivot": [0, 3.32973, -4.20652],
							"rotation": [-17.28272, -16.54599, -42.46823],
							"uv": {
								"north": {"uv": [51, 9], "uv_size": [2, 2]},
								"south": {"uv": [51, 11], "uv_size": [2, 2]},
								"west": {"uv": [18, 55], "uv_size": [1, 2]},
								"up": {"uv": [55, 22], "uv_size": [2, 1]},
								"down": {"uv": [55, 26], "uv_size": [2, -1]}
							}
						},
						{
							"origin": [-0.75492, 2.78578, -4.09556],
							"size": [1.50984, 1.50984, 0.10734],
							"inflate": 0.001,
							"pivot": [0, 3.32973, -4.20652],
							"rotation": [-23.75, 0, 0],
							"uv": {
								"north": {"uv": [6, 22], "uv_size": [7, 7]},
								"south": {"uv": [22, 8], "uv_size": [7, 7]}
							}
						},
						{
							"origin": [-1.02773, 3.115, -4.26134],
							"size": [0.2838, 0.8514, 0.2739],
							"inflate": -0.001,
							"pivot": [0, 3.32973, -4.20652],
							"rotation": [-23.75, 0, 0],
							"uv": {
								"north": {"uv": [2, 51], "uv_size": [1, 4]},
								"east": {"uv": [51, 13], "uv_size": [1, 4]},
								"south": {"uv": [51, 17], "uv_size": [1, 4]},
								"west": {"uv": [21, 51], "uv_size": [1, 4]}
							}
						},
						{
							"origin": [-0.87855, 3.05321, -4.26134],
							"size": [0.2838, 0.8514, 0.2739],
							"pivot": [0, 3.32973, -4.20652],
							"rotation": [-17.28272, -16.54599, -42.46823],
							"uv": {
								"north": {"uv": [51, 21], "uv_size": [1, 4]},
								"east": {"uv": [51, 25], "uv_size": [1, 4]},
								"south": {"uv": [26, 51], "uv_size": [1, 4]},
								"west": {"uv": [27, 51], "uv_size": [1, 4]}
							}
						},
						{
							"origin": [-0.4257, 2.51297, -4.26134],
							"size": [0.8514, 0.2838, 0.2739],
							"inflate": -0.001,
							"pivot": [0, 3.32973, -4.20652],
							"rotation": [-23.75, 0, 0],
							"uv": {
								"north": {"uv": [51, 29], "uv_size": [4, 1]},
								"south": {"uv": [51, 30], "uv_size": [4, 1]},
								"up": {"uv": [51, 31], "uv_size": [4, 1]},
								"down": {"uv": [51, 33], "uv_size": [4, -1]}
							}
						},
						{
							"origin": [0.59475, 3.05321, -4.26134],
							"size": [0.2838, 0.8514, 0.2739],
							"pivot": [0, 3.32973, -4.20652],
							"rotation": [-17.28272, 16.54599, 42.46823],
							"uv": {
								"north": {"uv": [28, 51], "uv_size": [1, 4]},
								"east": {"uv": [51, 46], "uv_size": [1, 4]},
								"south": {"uv": [51, 50], "uv_size": [1, 4]},
								"west": {"uv": [4, 52], "uv_size": [1, 4]}
							}
						},
						{
							"origin": [0.74393, 3.115, -4.26134],
							"size": [0.2838, 0.8514, 0.2739],
							"inflate": -0.001,
							"pivot": [0, 3.32973, -4.20652],
							"rotation": [-23.75, 0, 0],
							"uv": {
								"north": {"uv": [5, 52], "uv_size": [1, 4]},
								"east": {"uv": [6, 52], "uv_size": [1, 4]},
								"south": {"uv": [7, 52], "uv_size": [1, 4]},
								"west": {"uv": [8, 52], "uv_size": [1, 4]}
							}
						},
						{
							"origin": [-0.21725, 2.46575, -4.78893],
							"size": [0.4345, 0.1595, 0.462],
							"pivot": [0, 2.56495, -4.70961],
							"rotation": [37.25, 0, 0],
							"uv": {
								"north": {"uv": [26, 55], "uv_size": [2, 1]},
								"east": {"uv": [55, 26], "uv_size": [2, 1]},
								"south": {"uv": [55, 27], "uv_size": [2, 1]},
								"west": {"uv": [28, 55], "uv_size": [2, 1]},
								"up": {"uv": [51, 33], "uv_size": [2, 2]},
								"down": {"uv": [9, 54], "uv_size": [2, -2]}
							}
						},
						{
							"origin": [-0.4235, 2.80753, -5.1791],
							"size": [0.1595, 0.34375, 0.1595],
							"pivot": [0, 3.2926, -4.2684],
							"rotation": [45, 0, 0],
							"uv": {
								"north": {"uv": [21, 55], "uv_size": [1, 2]},
								"east": {"uv": [55, 28], "uv_size": [1, 2]},
								"south": {"uv": [30, 55], "uv_size": [1, 2]},
								"west": {"uv": [55, 30], "uv_size": [1, 2]},
								"up": {"uv": [56, 14], "uv_size": [1, 1]}
							}
						},
						{
							"origin": [0.264, 2.80753, -5.1791],
							"size": [0.1595, 0.34375, 0.1595],
							"pivot": [0, 3.2926, -4.2684],
							"rotation": [45, 0, 0],
							"uv": {
								"north": {"uv": [31, 55], "uv_size": [1, 2]},
								"east": {"uv": [37, 55], "uv_size": [1, 2]},
								"south": {"uv": [55, 37], "uv_size": [1, 2]},
								"west": {"uv": [38, 55], "uv_size": [1, 2]},
								"up": {"uv": [56, 23], "uv_size": [1, 1]}
							}
						}
					]
				},
				{
					"name": "mount_hide",
					"parent": "scope_hide",
					"pivot": [-0.066, 0.67461, -2.8828],
					"cubes": [
						{
							"origin": [-0.4785, 0.67461, -2.8828],
							"size": [0.957, 0.44, 0.9295],
							"uv": {
								"north": {"uv": [35, 7], "uv_size": [4, 2]},
								"south": {"uv": [45, 3], "uv_size": [4, 2]},
								"down": {"uv": [36, 39], "uv_size": [4, -4]}
							}
						},
						{
							"origin": [-0.49225, 2.05187, -2.8828],
							"size": [0.9845, 0.2365, 0.9295],
							"uv": {
								"north": {"uv": [50, 5], "uv_size": [4, 1]},
								"south": {"uv": [50, 6], "uv_size": [4, 1]},
								"up": {"uv": [41, 1], "uv_size": [4, 4]}
							}
						},
						{
							"origin": [0.89494, 0.80217, -2.8828],
							"size": [0.099, 0.9845, 0.9295],
							"pivot": [0.1375, 1.43192, -1.75805],
							"rotation": [0, 0, -45],
							"uv": {
								"north": {"uv": [50, 15], "uv_size": [1, 4]},
								"south": {"uv": [19, 50], "uv_size": [1, 4]},
								"west": {"uv": [5, 41], "uv_size": [4, 4]}
							}
						},
						{
							"origin": [0.6769, 1.50147, -2.8828],
							"size": [0.5115, 0.09075, 0.9295],
							"uv": {
								"north": {"uv": [25, 36], "uv_size": [2, 1]},
								"south": {"uv": [42, 29], "uv_size": [2, 1]},
								"west": {"uv": [50, 7], "uv_size": [4, 1]},
								"down": {"uv": [8, 49], "uv_size": [2, -4]}
							}
						},
						{
							"origin": [0.6769, 1.17147, -2.8828],
							"size": [0.5115, 0.297, 0.9295],
							"uv": {
								"north": {"uv": [43, 10], "uv_size": [2, 1]},
								"south": {"uv": [38, 43], "uv_size": [2, 1]},
								"west": {"uv": [50, 8], "uv_size": [4, 1]},
								"up": {"uv": [10, 45], "uv_size": [2, 4]}
							}
						},
						{
							"origin": [0.77807, 0.89842, -2.8828],
							"size": [0.11687, 0.88825, 0.9295],
							"pivot": [0.1375, 1.43192, -1.75805],
							"rotation": [0, 0, -45],
							"uv": {
								"north": {"uv": [50, 19], "uv_size": [1, 4]},
								"south": {"uv": [20, 50], "uv_size": [1, 4]}
							}
						},
						{
							"origin": [0.65432, 1.0153, -2.8828],
							"size": [0.12375, 0.77137, 0.9295],
							"pivot": [0.1375, 1.43192, -1.75805],
							"rotation": [0, 0, -45],
							"uv": {
								"north": {"uv": [22, 50], "uv_size": [1, 4]},
								"south": {"uv": [23, 50], "uv_size": [1, 4]}
							}
						},
						{
							"origin": [-0.99394, 0.80217, -2.8828],
							"size": [0.099, 0.9845, 0.9295],
							"pivot": [-0.1375, 1.43192, -1.75805],
							"rotation": [0, 0, 45],
							"uv": {
								"north": {"uv": [50, 23], "uv_size": [1, 4]},
								"east": {"uv": [9, 41], "uv_size": [4, 4]},
								"south": {"uv": [24, 50], "uv_size": [1, 4]}
							}
						},
						{
							"origin": [-0.89494, 0.89842, -2.8828],
							"size": [0.11687, 0.88825, 0.9295],
							"pivot": [-0.1375, 1.43192, -1.75805],
							"rotation": [0, 0, 45],
							"uv": {
								"north": {"uv": [25, 50], "uv_size": [1, 4]},
								"south": {"uv": [50, 27], "uv_size": [1, 4]}
							}
						},
						{
							"origin": [-0.77807, 1.0153, -2.8828],
							"size": [0.12375, 0.77137, 0.9295],
							"pivot": [-0.1375, 1.43192, -1.75805],
							"rotation": [0, 0, 45],
							"uv": {
								"north": {"uv": [50, 31], "uv_size": [1, 4]},
								"south": {"uv": [32, 50], "uv_size": [1, 4]}
							}
						},
						{
							"origin": [-1.1884, 1.50147, -2.8828],
							"size": [0.5115, 0.09075, 0.9295],
							"uv": {
								"north": {"uv": [45, 12], "uv_size": [2, 1]},
								"east": {"uv": [50, 35], "uv_size": [4, 1]},
								"south": {"uv": [54, 53], "uv_size": [2, 1]},
								"down": {"uv": [12, 49], "uv_size": [2, -4]}
							}
						},
						{
							"origin": [-1.1884, 1.17147, -2.8828],
							"size": [0.5115, 0.297, 0.9295],
							"uv": {
								"north": {"uv": [54, 54], "uv_size": [2, 1]},
								"east": {"uv": [50, 36], "uv_size": [4, 1]},
								"south": {"uv": [1, 55], "uv_size": [2, 1]},
								"up": {"uv": [14, 45], "uv_size": [2, 4]}
							}
						},
						{
							"origin": [-1.11965, 1.59222, -2.68718],
							"size": [0.20625, 0.275, 0.20625],
							"pivot": [-1.01652, 1.72972, -2.58405],
							"rotation": [0, 0, -22.5],
							"uv": {
								"north": {"uv": [55, 45], "uv_size": [1, 1]},
								"east": {"uv": [46, 55], "uv_size": [1, 1]},
								"south": {"uv": [55, 46], "uv_size": [1, 1]},
								"west": {"uv": [52, 56], "uv_size": [-1, 1]},
								"up": {"uv": [55, 47], "uv_size": [1, 1]}
							}
						},
						{
							"origin": [-1.11965, 1.59222, -2.34343],
							"size": [0.20625, 0.275, 0.20625],
							"pivot": [-1.01652, 1.72972, -2.2403],
							"rotation": [0, 0, -22.5],
							"uv": {
								"north": {"uv": [55, 49], "uv_size": [1, 1]},
								"east": {"uv": [52, 55], "uv_size": [1, 1]},
								"south": {"uv": [53, 55], "uv_size": [1, 1]},
								"west": {"uv": [52, 56], "uv_size": [-1, 1]},
								"up": {"uv": [54, 55], "uv_size": [1, 1]}
							}
						},
						{
							"origin": [0.9134, 1.59222, -2.34343],
							"size": [0.20625, 0.275, 0.20625],
							"pivot": [1.01652, 1.72972, -2.2403],
							"rotation": [0, 0, 22.5],
							"uv": {
								"north": {"uv": [56, 49], "uv_size": [-1, 1]},
								"east": {"uv": [51, 56], "uv_size": [1, 1]},
								"south": {"uv": [54, 55], "uv_size": [-1, 1]},
								"west": {"uv": [53, 55], "uv_size": [-1, 1]},
								"up": {"uv": [55, 55], "uv_size": [-1, 1]}
							}
						},
						{
							"origin": [0.9134, 1.59222, -2.68718],
							"size": [0.20625, 0.275, 0.20625],
							"pivot": [1.01652, 1.72972, -2.58405],
							"rotation": [0, 0, 22.5],
							"uv": {
								"north": {"uv": [56, 45], "uv_size": [-1, 1]},
								"east": {"uv": [51, 56], "uv_size": [1, 1]},
								"south": {"uv": [56, 46], "uv_size": [-1, 1]},
								"west": {"uv": [47, 55], "uv_size": [-1, 1]},
								"up": {"uv": [56, 47], "uv_size": [-1, 1]}
							}
						},
						{
							"origin": [0.32215, 1.17147, -2.8828],
							"size": [0.86625, 0.34375, 0.9295],
							"inflate": -0.001,
							"pivot": [1.1884, 1.17147, -2.30805],
							"rotation": [0, 0, -35],
							"uv": {
								"north": {"uv": [45, 10], "uv_size": [4, 2]},
								"south": {"uv": [22, 45], "uv_size": [4, 2]},
								"west": {"uv": [45, 23], "uv_size": [4, 2]},
								"down": {"uv": [13, 45], "uv_size": [4, -4]}
							}
						},
						{
							"origin": [-1.1884, 1.17147, -2.8828],
							"size": [0.86625, 0.34375, 0.9295],
							"inflate": -0.001,
							"pivot": [-1.1884, 1.17147, -2.30805],
							"rotation": [0, 0, 35],
							"uv": {
								"north": {"uv": [45, 25], "uv_size": [4, 2]},
								"east": {"uv": [45, 27], "uv_size": [4, 2]},
								"south": {"uv": [46, 5], "uv_size": [4, 2]},
								"down": {"uv": [25, 45], "uv_size": [4, -4]}
							}
						},
						{
							"origin": [0.198, -0.70589, -2.8828],
							"size": [0.198, 1.3805, 0.715],
							"pivot": [0.066, 0.67461, -2.8828],
							"rotation": [45, 0, 0],
							"uv": {
								"north": {"uv": [28, 45], "uv_size": [1, 6]},
								"east": {"uv": [19, 34], "uv_size": [3, 6]},
								"south": {"uv": [34, 47], "uv_size": [1, 6]},
								"west": {"uv": [35, 21], "uv_size": [3, 6]}
							}
						},
						{
							"origin": [-0.396, -0.70589, -2.8828],
							"size": [0.198, 1.3805, 0.715],
							"pivot": [-0.066, 0.67461, -2.8828],
							"rotation": [45, 0, 0],
							"uv": {
								"north": {"uv": [3, 48], "uv_size": [1, 6]},
								"east": {"uv": [33, 35], "uv_size": [3, 6]},
								"south": {"uv": [18, 49], "uv_size": [1, 6]},
								"west": {"uv": [22, 36], "uv_size": [3, 6]}
							}
						},
						{
							"origin": [-0.198, -0.26589, -2.8828],
							"size": [0.396, 0.5005, 0.22],
							"pivot": [0.066, 0.67461, -2.8828],
							"rotation": [45, 0, 0],
							"uv": {
								"north": {"uv": [11, 52], "uv_size": [2, 2]},
								"south": {"uv": [13, 52], "uv_size": [2, 2]},
								"up": {"uv": [55, 32], "uv_size": [2, 1]}
							}
						}
					]
				}
			]
		}
	]
}