{
  "ammo": "tacz:308",
  "ammo_amount": 20,
  "bolt": "closed_bolt",
  "rpm": 500,
  "bullet": {
    "life": 0.9,
    "bullet_amount": 1,
    "damage": 14,
    "tracer_count_interval": 0,
    "extra_damage": {
      "armor_ignore": 0.3,
      "head_shot_multiplier": 1.5,
      "damage_adjust": [
        {"distance": 10, "damage": 14},
        {"distance": 30, "damage": 13.5},
        {"distance": 50, "damage": 13},
        {"distance": 70, "damage": 12.5},
        {"distance": 90, "damage": 12},
        {"distance": 110, "damage": 11.5},
        {"distance": 130, "damage": 11},
        {"distance": 150, "damage": 10.5},
        {"distance": 170, "damage": 10},
        {"distance": 190, "damage": 9.5},
        {"distance": "infinite", "damage": 9}
      ]
    },
    "speed": 500,
    "gravity": 0.10,
    "knockback": 0,
    "friction": 0.01,
    "ignite": false,
    "pierce": 2,
    "explosion": {
      "explode": false,
      "damage": 25,
      "radius": 0.01,
      "knockback": false,
      "delay": 1
    }
  },
  "reload": {
    "type": "magazine",
    "feed": {
      "empty": 3.5,
      "tactical": 2
    },
    "cooldown": {
      "empty": 3.9896,
      "tactical": 2.77
    }
  },
  "draw_time": 0.9583,
  "put_away_time": 0.625,
  "aim_time": 0.2,
  "sprint_time": 0.2,
  "weight": 4.6,
  "movement_speed": {
    "base": 0.0,
    "aim": -0.2,
    "reload": -0.2
  },
  "crawl_recoil_multiplier": 0.5,
  "fire_mode": [
    "auto",
    "semi"
  ],
  "recoil": {
    "pitch": [
      {"time": 0, "value": [-0, 1]},
      {"time": 0.3, "value": [0.1, 0.2]},
      {"time": 0.5, "value": [-0, 0]}
    ],
    "yaw": [
      {"time": 0.2, "value": [-2.95, 2.5]},
      {"time": 0.3, "value": [-0.1, 0.1]},
      {"time": 0.5, "value": [0, 0]}
    ]
  },
  "inaccuracy": {
    "stand": 4,
    "move": 5,
    "sneak": 1.25,
    "lie": 0.75,
    "aim": 0.1
  },
  "melee": {
    // 枪械距离参数，用来延升近战攻击范围
    // 会与刺刀等配件的距离做加和
    "distance": 1,
    // 使用时的冷却时间
    "cooldown": 1,
    // 默认近战数据，会被配件的数据替换掉
    "default": {
      // 动画类型：没有枪托的为 melee_push，有枪托的为 melee_stock
      "animation_type": "melee_stock",
      // 刺刀距离参数，枪械里还有个刺刀攻击距离参数，两者做加和
      "distance": 0,
      // 刺刀范围角度
      "range_angle": 90,
      // 伤害值
      "damage": 6,
      // 击退效果
      "knockback": 0.85,
      // 前摇时长，单位：秒
      "prep": 0.1
    }
  },
  "allow_attachment_types": [
    "scope",
    "stock",
    "grip",
    "muzzle",
    "laser"
  ]
}