{
  "ammo": "tacz:556x45",
  "ammo_amount": 30,
  "bolt": "closed_bolt",
  "rpm": 850,
  "bullet": {
    "life": 0.9,
    "bullet_amount": 1,
    "damage": 6,
    "tracer_count_interval": 0,
    "extra_damage": {
      "armor_ignore": 0.3,
      "head_shot_multiplier": 1.5,
      "damage_adjust": [
        {"distance": 10, "damage": 6.0},
        {"distance": 30, "damage": 5.85},
        {"distance": 50, "damage": 5.7},
        {"distance": 70, "damage": 5.55},
        {"distance": 90, "damage": 5.4},
        {"distance": 110, "damage": 5.25},
        {"distance": 130, "damage": 5.1},
        {"distance": 150, "damage": 4.95},
        {"distance": 170, "damage": 4.8},
        {"distance": 190, "damage": 4.65},
        {"distance": "infinite", "damage": 4.5}
      ]
    },
    "speed": 530,
    "gravity": 0.05,
    "knockback": 0,
    "friction": 0.015,
    "ignite": false,
    "pierce": 2
  },
  "reload": {
    "type": "magazine",
    "feed": {
      "empty": 2.5,
      "tactical": 2
    },
    "cooldown": {
      "empty": 3,
      "tactical": 2.77
    }
  },
  "draw_time": 0.9583,
  "put_away_time": 0.625,
  "aim_time": 0.2,
  "sprint_time": 0.2,
  "weight": 3.9,
  "movement_speed": {
    "base": 0.0,
    "aim": -0.2,
    "reload": -0.2
  },
  "crawl_recoil_multiplier": 0.5,
  "fire_mode": [
    "auto",
    "semi"
  ],
  "recoil": {
    "pitch": [
      {"time": 0, "value": [0.35, 1]},
      {"time": 0.3, "value": [0.1, 0.2]},
      {"time": 0.5, "value": [-0, 0]}
    ],
    "yaw": [
      {"time": 0.2, "value": [-1.0, 0.8]},
      {"time": 0.3, "value": [-0.1, 0.1]},
      {"time": 0.5, "value": [0, 0]}
    ]
  },
  "inaccuracy": {
    "stand": 4,
    "move": 5,
    "sneak": 1.25,
    "lie": 0.75,
    "aim": 0.1
  },
  "melee": {
    // 枪械距离参数，用来延升近战攻击范围
    // 会与刺刀等配件的距离做加和
    "distance": 1,
    // 使用时的冷却时间
    "cooldown": 1,
    // 默认近战数据，会被配件的数据替换掉
    "default": {
      // 动画类型：没有枪托的为 melee_push，有枪托的为 melee_stock
      "animation_type": "melee_stock",
      // 刺刀距离参数，枪械里还有个刺刀攻击距离参数，两者做加和
      "distance": 0,
      // 刺刀范围角度
      "range_angle": 90,
      // 伤害值
      "damage": 6,
      // 击退效果
      "knockback": 0.85,
      // 前摇时长，单位：秒
      "prep": 0.1
    }
  },
  "allow_attachment_types": [
    "scope",
    "grip",
    "stock",
    "muzzle",
    "laser"
  ]
}