{
  "ammo": "tacz:12g",
  "ammo_amount": 5,
  "extended_mag_ammo_amount": [
    6,
    7,
    12
  ],
  "bolt": "closed_bolt",
  "rpm": 125,
  "bullet": {
    "life": 0.75,
    "bullet_amount": 8,
    "damage": 45,
    "tracer_count_interval": 0,
    "extra_damage": {
      "armor_ignore": 0.15,
      "head_shot_multiplier": 1.25,
      "damage_adjust": [
        {"distance": 10, "damage": 45},
        {"distance": 20, "damage": 40},
        {"distance": 30, "damage": 35},
        {"distance": 40, "damage": 30},
        {"distance": 50, "damage": 25},
        {"distance": 60, "damage": 20},
        {"distance": 70, "damage": 15},
        {"distance": "infinite", "damage": 5}
      ]
    },
    "speed": 260,
    "gravity": 0.10,
    "knockback": 0.15,
    "friction": 0.05,
    "ignite": false,
    "pierce": 1
  },
  "weight": 3.9,
  "movement_speed": {
    "base": 0.0,
    "aim": -0.12,
    "reload": -0.12
  },
  "reload": {
    "type": "magazine",
    "feed": {
      "empty": 3.5,
      "tactical": 2.5
    },
    "cooldown": {
      "empty": 4,
      "tactical": 3.3125
    }
  },
  "draw_time": 0.875,
  "put_away_time": 0.625,
  "aim_time": 0.25,
  "sprint_time": 0.2,
  "bolt_action_time": 0.5,
  "fire_mode": [
    "semi"
  ],
  "burst_data": {
    "continuous_shoot": false,
    "count": 1,
    "bpm": 900,
    "min_interval": 0.45
  },
  "recoil": {
    "pitch": [
      {"time": 0, "value": [0.15, 1.35]},
      {"time": 0.3, "value": [2.2, 2.2]},
      {"time": 0.5, "value": [-0.5, -0.5]},
      {"time": 0.65, "value": [0, 0]}
    ],
    "yaw": [
      {"time": 0.2, "value": [-1.0, 1.5]},
      {"time": 0.3, "value": [-0.35, 0.35]},
      {"time": 0.5, "value": [0, 0]}
    ]
  },
  "melee": {
    "distance": 1,
    "cooldown": 1,
    "default": {
      "animation_type": "melee_stock",
      "distance": 0,
      "range_angle": 90,
      "damage": 5,
      "knockback": 0.85,
      "prep": 0.1
    }
  },
  "inaccuracy": {
    "stand": 2.65,
    "move": 2.7,
    "sneak": 2.65,
    "lie": 2.5,
    "aim": 2.5
  },
  "allow_attachment_types": [
    "scope",
    "extended_mag",
    "muzzle"
  ]
}