{
  "ammo": "tacz:556x45",
  "ammo_amount": 30,
  "bolt": "closed_bolt",
  "rpm": 700,
  "bullet": {
    "life": 0.8,
    "bullet_amount": 1,
    "damage": 6.5,
    "tracer_count_interval": 0,
    "extra_damage": {
      "armor_ignore": 0.20,
      "head_shot_multiplier": 1.75,
      "damage_adjust": [
        {"distance": 10, "damage": 6.5},
        {"distance": 30, "damage": 6.1},
        {"distance": 50, "damage": 5.7},
        {"distance": 70, "damage": 5.3},
        {"distance": 90, "damage": 4.9},
        {"distance": 110, "damage": 4.5},
        {"distance": 130, "damage": 4.2},
        {"distance": 150, "damage": 4.1},
        {"distance": 170, "damage": 4.0},
        {"distance": "infinite", "damage": 3.7}
      ]
    },
    "speed": 535,
    "gravity": 0.05,
    "knockback": 0,
    "friction": 0.02,
    "ignite": false,
    "pierce": 2
  },
  "reload": {
    "type": "magazine",
    "feed": {
      "empty": 3,
      "tactical": 2.2
    },
    "cooldown": {
      "empty": 3.6667,
      "tactical": 2.8667
    }
  },
  "draw_time": 0.6,
  "put_away_time": 0.633,
  "aim_time": 0.2,
  "sprint_time": 0.2,
  "fire_mode": [
    "auto",
    "semi"
  ],
  "weight": 3.37,
  "movement_speed": {
    "base": 0.0,
    "aim": -0.2,
    "reload": -0.2
  },
  "burst_data": {
    "continuous_shoot": false,
    "count": 3,
    "bpm": 700,
    "min_interval": 0.3
  },
  "recoil": {
    "pitch": [
      {"time": 0, "value": [0.4, 0.75]},
      {"time": 0.3, "value": [0.2, 0.2]},
      {"time": 0.5, "value": [-0.07, -0.07]},
      {"time": 0.65, "value": [0, 0]}
    ],
    "yaw": [
      {"time": 0.2, "value": [-1.6, 1.6]},
      {"time": 0.3, "value": [-0.1, 0.1]},
      {"time": 0.7, "value": [0, 0]}
    ]
  },
  "melee": {
    // 枪械距离参数，用来延升近战攻击范围
    // 会与刺刀等配件的距离做加和
    "distance": 1,
    // 使用时的冷却时间
    "cooldown": 1,
    // 默认近战数据，会被配件的数据替换掉
    "default": {
      // 动画类型：没有枪托的为 melee_push，有枪托的为 melee_stock
      "animation_type": "melee_stock",
      // 刺刀距离参数，枪械里还有个刺刀攻击距离参数，两者做加和
      "distance": 0,
      // 刺刀范围角度
      "range_angle": 90,
      // 伤害值
      "damage": 5,
      // 击退效果
      "knockback": 0.85,
      // 前摇时长，单位：秒
      "prep": 0.1
    }
  },
  "inaccuracy": {
    "stand": 4,
    "move": 5,
    "sneak": 1.25,
    "lie": 0.75,
    "aim": 0.1
  },

  "allow_attachment_types": [
    "scope",
    "muzzle"
  ]
}